[
  {
    "AMC": "pA6CFxovxdh-BCwpBiEZqYz",
    "Adjustments": "pA6CFxovxdh-h21Lrr0R67C",
    "EndingBalance": "pA6CFxovxdh-XvONJ2jT3zu",
    "ExpiredStock": "pA6CFxovxdh-P2wKJ3Fsevm",
    "ForecastConsumption": "pA6CFxovxdh-zdAyvy0AJnB",
    "MonthsOfStock": "pA6CFxovxdh-rOYLtHNXyxW",
    "OnHoldShipments": "pA6CFxovxdh-kCxTaDO8Yf9",
    "OpeningBalance": "pA6CFxovxdh-gUvlgX4xtgq",
    "Ordered": "pA6CFxovxdh-oDDu2jaOVDv",
    "PUID": 1069,
    "Planned": "pA6CFxovxdh-hn6fx8ns806",
    "ProductCode": "ABA002",
    "ProductName": "Abacavir 300mg Tablets, 60's",
    "Received": "pA6CFxovxdh-NRZAX8dQ2sS",
    "Shipments": "pA6CFxovxdh-cvg3VlSg0J9",
    "ShippedArrived": "pA6CFxovxdh-MChp1tJXS2n"
  },
  {
    "AMC": "Ey1pVNDKtEV-BCwpBiEZqYz",
    "Adjustments": "Ey1pVNDKtEV-h21Lrr0R67C",
    "EndingBalance": "Ey1pVNDKtEV-XvONJ2jT3zu",
    "ExpiredStock": "Ey1pVNDKtEV-P2wKJ3Fsevm",
    "ForecastConsumption": "Ey1pVNDKtEV-zdAyvy0AJnB",
    "MonthsOfStock": "Ey1pVNDKtEV-rOYLtHNXyxW",
    "OnHoldShipments": "Ey1pVNDKtEV-kCxTaDO8Yf9",
    "OpeningBalance": "Ey1pVNDKtEV-gUvlgX4xtgq",
    "Ordered": "Ey1pVNDKtEV-oDDu2jaOVDv",
    "PUID": 1074,
    "Planned": "Ey1pVNDKtEV-hn6fx8ns806",
    "ProductCode": "ABA005",
    "ProductName": "Abacavir +Lamivudine(120+60)mg dispirsible tablets, 60's",
    "Received": "Ey1pVNDKtEV-NRZAX8dQ2sS",
    "Shipments": "Ey1pVNDKtEV-cvg3VlSg0J9",
    "ShippedArrived": "Ey1pVNDKtEV-MChp1tJXS2n"
  },
  {
    "AMC": "HBqBnkyqN4V-BCwpBiEZqYz",
    "Adjustments": "HBqBnkyqN4V-h21Lrr0R67C",
    "EndingBalance": "HBqBnkyqN4V-XvONJ2jT3zu",
    "ExpiredStock": "HBqBnkyqN4V-P2wKJ3Fsevm",
    "ForecastConsumption": "HBqBnkyqN4V-zdAyvy0AJnB",
    "MonthsOfStock": "HBqBnkyqN4V-rOYLtHNXyxW",
    "OnHoldShipments": "HBqBnkyqN4V-kCxTaDO8Yf9",
    "OpeningBalance": "HBqBnkyqN4V-gUvlgX4xtgq",
    "Ordered": "HBqBnkyqN4V-oDDu2jaOVDv",
    "PUID": 2724,
    "Planned": "HBqBnkyqN4V-hn6fx8ns806",
    "ProductCode": "DOL001",
    "ProductName": "Dolutegravir 50mg Tablets,30's",
    "Received": "HBqBnkyqN4V-NRZAX8dQ2sS",
    "Shipments": "HBqBnkyqN4V-cvg3VlSg0J9",
    "ShippedArrived": "HBqBnkyqN4V-MChp1tJXS2n"
  },
  {
    "AMC": "sNF091ANqx6-BCwpBiEZqYz",
    "Adjustments": "sNF091ANqx6-h21Lrr0R67C",
    "EndingBalance": "sNF091ANqx6-XvONJ2jT3zu",
    "ExpiredStock": "sNF091ANqx6-P2wKJ3Fsevm",
    "ForecastConsumption": "sNF091ANqx6-zdAyvy0AJnB",
    "MonthsOfStock": "sNF091ANqx6-rOYLtHNXyxW",
    "OnHoldShipments": "sNF091ANqx6-kCxTaDO8Yf9",
    "OpeningBalance": "sNF091ANqx6-gUvlgX4xtgq",
    "Ordered": "sNF091ANqx6-oDDu2jaOVDv",
    "PUID": 2728,
    "Planned": "sNF091ANqx6-hn6fx8ns806",
    "ProductCode": "TEN009",
    "ProductName": "Tenofovir Alafenamid Emtricitabine + Dolutegravir (25+200+50) mg tablets 30's",
    "Received": "sNF091ANqx6-NRZAX8dQ2sS",
    "Shipments": "sNF091ANqx6-cvg3VlSg0J9",
    "ShippedArrived": "sNF091ANqx6-MChp1tJXS2n"
  },
  {
    "AMC": "IlE2q27CTb4-BCwpBiEZqYz",
    "Adjustments": "IlE2q27CTb4-h21Lrr0R67C",
    "EndingBalance": "IlE2q27CTb4-XvONJ2jT3zu",
    "ExpiredStock": "IlE2q27CTb4-P2wKJ3Fsevm",
    "ForecastConsumption": "IlE2q27CTb4-zdAyvy0AJnB",
    "MonthsOfStock": "IlE2q27CTb4-rOYLtHNXyxW",
    "OnHoldShipments": "IlE2q27CTb4-kCxTaDO8Yf9",
    "OpeningBalance": "IlE2q27CTb4-gUvlgX4xtgq",
    "Ordered": "IlE2q27CTb4-oDDu2jaOVDv",
    "PUID": 2733,
    "Planned": "IlE2q27CTb4-hn6fx8ns806",
    "ProductCode": "DOL002",
    "ProductName": "Dolutegravir/Lamivudine/Tenofovir DF 50/300/300 mg Tablet, 30 Tablets",
    "Received": "IlE2q27CTb4-NRZAX8dQ2sS",
    "Shipments": "IlE2q27CTb4-cvg3VlSg0J9",
    "ShippedArrived": "IlE2q27CTb4-MChp1tJXS2n"
  },
  {
    "AMC": "W2pJVWDz8oR-BCwpBiEZqYz",
    "Adjustments": "W2pJVWDz8oR-h21Lrr0R67C",
    "EndingBalance": "W2pJVWDz8oR-XvONJ2jT3zu",
    "ExpiredStock": "W2pJVWDz8oR-P2wKJ3Fsevm",
    "ForecastConsumption": "W2pJVWDz8oR-zdAyvy0AJnB",
    "MonthsOfStock": "W2pJVWDz8oR-rOYLtHNXyxW",
    "OnHoldShipments": "W2pJVWDz8oR-kCxTaDO8Yf9",
    "OpeningBalance": "W2pJVWDz8oR-gUvlgX4xtgq",
    "Ordered": "W2pJVWDz8oR-oDDu2jaOVDv",
    "PUID": 1402,
    "Planned": "W2pJVWDz8oR-hn6fx8ns806",
    "ProductCode": "ATA003",
    "ProductName": "Atazanavir+Ritonavir 300/100 mg tablet",
    "Received": "W2pJVWDz8oR-NRZAX8dQ2sS",
    "Shipments": "W2pJVWDz8oR-cvg3VlSg0J9",
    "ShippedArrived": "W2pJVWDz8oR-MChp1tJXS2n"
  },
  {
    "AMC": "bbkjTFnSSd7-BCwpBiEZqYz",
    "Adjustments": "bbkjTFnSSd7-h21Lrr0R67C",
    "EndingBalance": "bbkjTFnSSd7-XvONJ2jT3zu",
    "ExpiredStock": "bbkjTFnSSd7-P2wKJ3Fsevm",
    "ForecastConsumption": "bbkjTFnSSd7-zdAyvy0AJnB",
    "MonthsOfStock": "bbkjTFnSSd7-rOYLtHNXyxW",
    "OnHoldShipments": "bbkjTFnSSd7-kCxTaDO8Yf9",
    "OpeningBalance": "bbkjTFnSSd7-gUvlgX4xtgq",
    "Ordered": "bbkjTFnSSd7-oDDu2jaOVDv",
    "PUID": 2722,
    "Planned": "bbkjTFnSSd7-hn6fx8ns806",
    "ProductCode": "DOL003",
    "ProductName": "Dolutegravir 10 mg Scored Dispersible Tablet, 90 Tablets",
    "Received": "bbkjTFnSSd7-NRZAX8dQ2sS",
    "Shipments": "bbkjTFnSSd7-cvg3VlSg0J9",
    "ShippedArrived": "bbkjTFnSSd7-MChp1tJXS2n"
  },
  {
    "AMC": "a20CFgSnESJ-BCwpBiEZqYz",
    "Adjustments": "a20CFgSnESJ-h21Lrr0R67C",
    "EndingBalance": "a20CFgSnESJ-XvONJ2jT3zu",
    "ExpiredStock": "a20CFgSnESJ-P2wKJ3Fsevm",
    "ForecastConsumption": "a20CFgSnESJ-zdAyvy0AJnB",
    "MonthsOfStock": "a20CFgSnESJ-rOYLtHNXyxW",
    "OnHoldShipments": "a20CFgSnESJ-kCxTaDO8Yf9",
    "OpeningBalance": "a20CFgSnESJ-gUvlgX4xtgq",
    "Ordered": "a20CFgSnESJ-oDDu2jaOVDv",
    "PUID": 2882,
    "Planned": "a20CFgSnESJ-hn6fx8ns806",
    "ProductCode": "TEN004",
    "ProductName": "Tenofovir 300mg + Emtricitabine 200mg Tablets, 30's",
    "Received": "a20CFgSnESJ-NRZAX8dQ2sS",
    "Shipments": "a20CFgSnESJ-cvg3VlSg0J9",
    "ShippedArrived": "a20CFgSnESJ-MChp1tJXS2n"
  },
  {
    "AMC": "uNPh5O9i2kF-BCwpBiEZqYz",
    "Adjustments": "uNPh5O9i2kF-h21Lrr0R67C",
    "EndingBalance": "uNPh5O9i2kF-XvONJ2jT3zu",
    "ExpiredStock": "uNPh5O9i2kF-P2wKJ3Fsevm",
    "ForecastConsumption": "uNPh5O9i2kF-zdAyvy0AJnB",
    "MonthsOfStock": "uNPh5O9i2kF-rOYLtHNXyxW",
    "OnHoldShipments": "uNPh5O9i2kF-kCxTaDO8Yf9",
    "OpeningBalance": "uNPh5O9i2kF-gUvlgX4xtgq",
    "Ordered": "uNPh5O9i2kF-oDDu2jaOVDv",
    "PUID": 3399,
    "Planned": "uNPh5O9i2kF-hn6fx8ns806",
    "ProductCode": "KIT006",
    "ProductName": "HIV-1/2, Determine, 100 Tests",
    "Received": "uNPh5O9i2kF-NRZAX8dQ2sS",
    "Shipments": "uNPh5O9i2kF-cvg3VlSg0J9",
    "ShippedArrived": "uNPh5O9i2kF-MChp1tJXS2n"
  },
  {
    "AMC": "IFQ4CVh9wuC-BCwpBiEZqYz",
    "Adjustments": "IFQ4CVh9wuC-h21Lrr0R67C",
    "EndingBalance": "IFQ4CVh9wuC-XvONJ2jT3zu",
    "ExpiredStock": "IFQ4CVh9wuC-P2wKJ3Fsevm",
    "ForecastConsumption": "IFQ4CVh9wuC-zdAyvy0AJnB",
    "MonthsOfStock": "IFQ4CVh9wuC-rOYLtHNXyxW",
    "OnHoldShipments": "IFQ4CVh9wuC-kCxTaDO8Yf9",
    "OpeningBalance": "IFQ4CVh9wuC-gUvlgX4xtgq",
    "Ordered": "IFQ4CVh9wuC-oDDu2jaOVDv",
    "PUID": 3418,
    "Planned": "IFQ4CVh9wuC-hn6fx8ns806",
    "ProductCode": "RAP003",
    "ProductName": "HIV-1/2, Uni-Gold, 20 Tests",
    "Received": "IFQ4CVh9wuC-NRZAX8dQ2sS",
    "Shipments": "IFQ4CVh9wuC-cvg3VlSg0J9",
    "ShippedArrived": "IFQ4CVh9wuC-MChp1tJXS2n"
  },
  {
    "AMC": "mJEjyCuq7DY-BCwpBiEZqYz",
    "Adjustments": "mJEjyCuq7DY-h21Lrr0R67C",
    "EndingBalance": "mJEjyCuq7DY-XvONJ2jT3zu",
    "ExpiredStock": "mJEjyCuq7DY-P2wKJ3Fsevm",
    "ForecastConsumption": "mJEjyCuq7DY-zdAyvy0AJnB",
    "MonthsOfStock": "mJEjyCuq7DY-rOYLtHNXyxW",
    "OnHoldShipments": "mJEjyCuq7DY-kCxTaDO8Yf9",
    "OpeningBalance": "mJEjyCuq7DY-gUvlgX4xtgq",
    "Ordered": "mJEjyCuq7DY-oDDu2jaOVDv",
    "PUID": 3810,
    "Planned": "mJEjyCuq7DY-hn6fx8ns806",
    "ProductCode": "LAM001",
    "ProductName": "Lamivudine 10mg/ml Syrup, 240ml",
    "Received": "mJEjyCuq7DY-NRZAX8dQ2sS",
    "Shipments": "mJEjyCuq7DY-cvg3VlSg0J9",
    "ShippedArrived": "mJEjyCuq7DY-MChp1tJXS2n"
  },
  {
    "AMC": "cbyla2sWKtP-BCwpBiEZqYz",
    "Adjustments": "cbyla2sWKtP-h21Lrr0R67C",
    "EndingBalance": "cbyla2sWKtP-XvONJ2jT3zu",
    "ExpiredStock": "cbyla2sWKtP-P2wKJ3Fsevm",
    "ForecastConsumption": "cbyla2sWKtP-zdAyvy0AJnB",
    "MonthsOfStock": "cbyla2sWKtP-rOYLtHNXyxW",
    "OnHoldShipments": "cbyla2sWKtP-kCxTaDO8Yf9",
    "OpeningBalance": "cbyla2sWKtP-gUvlgX4xtgq",
    "Ordered": "cbyla2sWKtP-oDDu2jaOVDv",
    "PUID": 3816,
    "Planned": "cbyla2sWKtP-hn6fx8ns806",
    "ProductCode": "LAM003",
    "ProductName": "Lamivudine 150mg Tablets, 60's",
    "Received": "cbyla2sWKtP-NRZAX8dQ2sS",
    "Shipments": "cbyla2sWKtP-cvg3VlSg0J9",
    "ShippedArrived": "cbyla2sWKtP-MChp1tJXS2n"
  },
  {
    "AMC": "r6xAd9NtIUt-BCwpBiEZqYz",
    "Adjustments": "r6xAd9NtIUt-h21Lrr0R67C",
    "EndingBalance": "r6xAd9NtIUt-XvONJ2jT3zu",
    "ExpiredStock": "r6xAd9NtIUt-P2wKJ3Fsevm",
    "ForecastConsumption": "r6xAd9NtIUt-zdAyvy0AJnB",
    "MonthsOfStock": "r6xAd9NtIUt-rOYLtHNXyxW",
    "OnHoldShipments": "r6xAd9NtIUt-kCxTaDO8Yf9",
    "OpeningBalance": "r6xAd9NtIUt-gUvlgX4xtgq",
    "Ordered": "r6xAd9NtIUt-oDDu2jaOVDv",
    "PUID": 3827,
    "Planned": "r6xAd9NtIUt-hn6fx8ns806",
    "ProductCode": "ZID005",
    "ProductName": "Zidovudine+Lamivudine (300+150)mg Tablets, 60's",
    "Received": "r6xAd9NtIUt-NRZAX8dQ2sS",
    "Shipments": "r6xAd9NtIUt-cvg3VlSg0J9",
    "ShippedArrived": "r6xAd9NtIUt-MChp1tJXS2n"
  },
  {
    "AMC": "SCxLpWKRm77-BCwpBiEZqYz",
    "Adjustments": "SCxLpWKRm77-h21Lrr0R67C",
    "EndingBalance": "SCxLpWKRm77-XvONJ2jT3zu",
    "ExpiredStock": "SCxLpWKRm77-P2wKJ3Fsevm",
    "ForecastConsumption": "SCxLpWKRm77-zdAyvy0AJnB",
    "MonthsOfStock": "SCxLpWKRm77-rOYLtHNXyxW",
    "OnHoldShipments": "SCxLpWKRm77-kCxTaDO8Yf9",
    "OpeningBalance": "SCxLpWKRm77-gUvlgX4xtgq",
    "Ordered": "SCxLpWKRm77-oDDu2jaOVDv",
    "PUID": 4586,
    "Planned": "SCxLpWKRm77-hn6fx8ns806",
    "ProductCode": "NEV002",
    "ProductName": "Nevirapine 50mg/5ml Syrup, 240ml",
    "Received": "SCxLpWKRm77-NRZAX8dQ2sS",
    "Shipments": "SCxLpWKRm77-cvg3VlSg0J9",
    "ShippedArrived": "SCxLpWKRm77-MChp1tJXS2n"
  },
  {
    "AMC": "w6MN7c0pLw8-BCwpBiEZqYz",
    "Adjustments": "w6MN7c0pLw8-h21Lrr0R67C",
    "EndingBalance": "w6MN7c0pLw8-XvONJ2jT3zu",
    "ExpiredStock": "w6MN7c0pLw8-P2wKJ3Fsevm",
    "ForecastConsumption": "w6MN7c0pLw8-zdAyvy0AJnB",
    "MonthsOfStock": "w6MN7c0pLw8-rOYLtHNXyxW",
    "OnHoldShipments": "w6MN7c0pLw8-kCxTaDO8Yf9",
    "OpeningBalance": "w6MN7c0pLw8-gUvlgX4xtgq",
    "Ordered": "w6MN7c0pLw8-oDDu2jaOVDv",
    "PUID": 5181,
    "Planned": "w6MN7c0pLw8-hn6fx8ns806",
    "ProductCode": "RAL001",
    "ProductName": "Raltegravir 400mg Tablets, 60's",
    "Received": "w6MN7c0pLw8-NRZAX8dQ2sS",
    "Shipments": "w6MN7c0pLw8-cvg3VlSg0J9",
    "ShippedArrived": "w6MN7c0pLw8-MChp1tJXS2n"
  },
  {
    "AMC": "lj2hpPOH6CP-BCwpBiEZqYz",
    "Adjustments": "lj2hpPOH6CP-h21Lrr0R67C",
    "EndingBalance": "lj2hpPOH6CP-XvONJ2jT3zu",
    "ExpiredStock": "lj2hpPOH6CP-P2wKJ3Fsevm",
    "ForecastConsumption": "lj2hpPOH6CP-zdAyvy0AJnB",
    "MonthsOfStock": "lj2hpPOH6CP-rOYLtHNXyxW",
    "OnHoldShipments": "lj2hpPOH6CP-kCxTaDO8Yf9",
    "OpeningBalance": "lj2hpPOH6CP-gUvlgX4xtgq",
    "Ordered": "lj2hpPOH6CP-oDDu2jaOVDv",
    "PUID": 5253,
    "Planned": "lj2hpPOH6CP-hn6fx8ns806",
    "ProductCode": "RIF018",
    "ProductName": "Rifapentine+Isoniazid (300+300) Tablets",
    "Received": "lj2hpPOH6CP-NRZAX8dQ2sS",
    "Shipments": "lj2hpPOH6CP-cvg3VlSg0J9",
    "ShippedArrived": "lj2hpPOH6CP-MChp1tJXS2n"
  },
  {
    "AMC": "aqD5GMBmvdQ-BCwpBiEZqYz",
    "Adjustments": "aqD5GMBmvdQ-h21Lrr0R67C",
    "EndingBalance": "aqD5GMBmvdQ-XvONJ2jT3zu",
    "ExpiredStock": "aqD5GMBmvdQ-P2wKJ3Fsevm",
    "ForecastConsumption": "aqD5GMBmvdQ-zdAyvy0AJnB",
    "MonthsOfStock": "aqD5GMBmvdQ-rOYLtHNXyxW",
    "OnHoldShipments": "aqD5GMBmvdQ-kCxTaDO8Yf9",
    "OpeningBalance": "aqD5GMBmvdQ-gUvlgX4xtgq",
    "Ordered": "aqD5GMBmvdQ-oDDu2jaOVDv",
    "PUID": 5267,
    "Planned": "aqD5GMBmvdQ-hn6fx8ns806",
    "ProductCode": "RIT001",
    "ProductName": "Ritonavir 100mg Tablets, 60's",
    "Received": "aqD5GMBmvdQ-NRZAX8dQ2sS",
    "Shipments": "aqD5GMBmvdQ-cvg3VlSg0J9",
    "ShippedArrived": "aqD5GMBmvdQ-MChp1tJXS2n"
  },
  {
    "AMC": "q6pD83YP434-BCwpBiEZqYz",
    "Adjustments": "q6pD83YP434-h21Lrr0R67C",
    "EndingBalance": "q6pD83YP434-XvONJ2jT3zu",
    "ExpiredStock": "q6pD83YP434-P2wKJ3Fsevm",
    "ForecastConsumption": "q6pD83YP434-zdAyvy0AJnB",
    "MonthsOfStock": "q6pD83YP434-rOYLtHNXyxW",
    "OnHoldShipments": "q6pD83YP434-kCxTaDO8Yf9",
    "OpeningBalance": "q6pD83YP434-gUvlgX4xtgq",
    "Ordered": "q6pD83YP434-oDDu2jaOVDv",
    "PUID": 6191,
    "Planned": "q6pD83YP434-hn6fx8ns806",
    "ProductCode": "ZID001",
    "ProductName": "Zidovudine 10mg/ml Syrup, 240ml",
    "Received": "q6pD83YP434-NRZAX8dQ2sS",
    "Shipments": "q6pD83YP434-cvg3VlSg0J9",
    "ShippedArrived": "q6pD83YP434-MChp1tJXS2n"
  },
  {
    "AMC": "y5dUqQUxFim-BCwpBiEZqYz",
    "Adjustments": "y5dUqQUxFim-h21Lrr0R67C",
    "EndingBalance": "y5dUqQUxFim-XvONJ2jT3zu",
    "ExpiredStock": "y5dUqQUxFim-P2wKJ3Fsevm",
    "ForecastConsumption": "y5dUqQUxFim-zdAyvy0AJnB",
    "MonthsOfStock": "y5dUqQUxFim-rOYLtHNXyxW",
    "OnHoldShipments": "y5dUqQUxFim-kCxTaDO8Yf9",
    "OpeningBalance": "y5dUqQUxFim-gUvlgX4xtgq",
    "Ordered": "y5dUqQUxFim-oDDu2jaOVDv",
    "PUID": 6192,
    "Planned": "y5dUqQUxFim-hn6fx8ns806",
    "ProductCode": "ZID003",
    "ProductName": "Zidovudine 100mg Capsules, 100's",
    "Received": "y5dUqQUxFim-NRZAX8dQ2sS",
    "Shipments": "y5dUqQUxFim-cvg3VlSg0J9",
    "ShippedArrived": "y5dUqQUxFim-MChp1tJXS2n"
  },
  {
    "AMC": "nKhjV5jsXc4-BCwpBiEZqYz",
    "Adjustments": "nKhjV5jsXc4-h21Lrr0R67C",
    "EndingBalance": "nKhjV5jsXc4-XvONJ2jT3zu",
    "ExpiredStock": "nKhjV5jsXc4-P2wKJ3Fsevm",
    "ForecastConsumption": "nKhjV5jsXc4-zdAyvy0AJnB",
    "MonthsOfStock": "nKhjV5jsXc4-rOYLtHNXyxW",
    "OnHoldShipments": "nKhjV5jsXc4-kCxTaDO8Yf9",
    "OpeningBalance": "nKhjV5jsXc4-gUvlgX4xtgq",
    "Ordered": "nKhjV5jsXc4-oDDu2jaOVDv",
    "PUID": 6194,
    "Planned": "nKhjV5jsXc4-hn6fx8ns806",
    "ProductCode": "ZID006",
    "ProductName": "Zidovudine 300mg Tablets, 60's",
    "Received": "nKhjV5jsXc4-NRZAX8dQ2sS",
    "Shipments": "nKhjV5jsXc4-cvg3VlSg0J9",
    "ShippedArrived": "nKhjV5jsXc4-MChp1tJXS2n"
  },
  {
    "AMC": "krvpzO175Od-BCwpBiEZqYz",
    "Adjustments": "krvpzO175Od-h21Lrr0R67C",
    "EndingBalance": "krvpzO175Od-XvONJ2jT3zu",
    "ExpiredStock": "krvpzO175Od-P2wKJ3Fsevm",
    "ForecastConsumption": "krvpzO175Od-zdAyvy0AJnB",
    "MonthsOfStock": "krvpzO175Od-rOYLtHNXyxW",
    "OnHoldShipments": "krvpzO175Od-kCxTaDO8Yf9",
    "OpeningBalance": "krvpzO175Od-gUvlgX4xtgq",
    "Ordered": "krvpzO175Od-oDDu2jaOVDv",
    "PUID": 7703,
    "Planned": "krvpzO175Od-hn6fx8ns806",
    "ProductCode": "DAR004",
    "ProductName": "Darunavir/Ritonavir (400/50) mg Tablets, 60's",
    "Received": "krvpzO175Od-NRZAX8dQ2sS",
    "Shipments": "krvpzO175Od-cvg3VlSg0J9",
    "ShippedArrived": "krvpzO175Od-MChp1tJXS2n"
  },
  {
    "AMC": "o5ehoM4ngsc-BCwpBiEZqYz",
    "Adjustments": "o5ehoM4ngsc-h21Lrr0R67C",
    "EndingBalance": "o5ehoM4ngsc-XvONJ2jT3zu",
    "ExpiredStock": "o5ehoM4ngsc-P2wKJ3Fsevm",
    "ForecastConsumption": "o5ehoM4ngsc-zdAyvy0AJnB",
    "MonthsOfStock": "o5ehoM4ngsc-rOYLtHNXyxW",
    "OnHoldShipments": "o5ehoM4ngsc-kCxTaDO8Yf9",
    "OpeningBalance": "o5ehoM4ngsc-gUvlgX4xtgq",
    "Ordered": "o5ehoM4ngsc-oDDu2jaOVDv",
    "PUID": 8042,
    "Planned": "o5ehoM4ngsc-hn6fx8ns806",
    "ProductCode": "DTC/3TC",
    "ProductName": "Dolutegravir+Lamivudine (50+300)mg tabs 30",
    "Received": "o5ehoM4ngsc-NRZAX8dQ2sS",
    "Shipments": "o5ehoM4ngsc-cvg3VlSg0J9",
    "ShippedArrived": "o5ehoM4ngsc-MChp1tJXS2n"
  },
  {
    "AMC": "QfmDnkgVeu7-BCwpBiEZqYz",
    "Adjustments": "QfmDnkgVeu7-h21Lrr0R67C",
    "EndingBalance": "QfmDnkgVeu7-XvONJ2jT3zu",
    "ExpiredStock": "QfmDnkgVeu7-P2wKJ3Fsevm",
    "ForecastConsumption": "QfmDnkgVeu7-zdAyvy0AJnB",
    "MonthsOfStock": "QfmDnkgVeu7-rOYLtHNXyxW",
    "OnHoldShipments": "QfmDnkgVeu7-kCxTaDO8Yf9",
    "OpeningBalance": "QfmDnkgVeu7-gUvlgX4xtgq",
    "Ordered": "QfmDnkgVeu7-oDDu2jaOVDv",
    "PUID": 8465,
    "Planned": "QfmDnkgVeu7-hn6fx8ns806",
    "ProductCode": "PYR005",
    "ProductName": "Pyridoxine 25mg Tablets, 1000's",
    "Received": "QfmDnkgVeu7-NRZAX8dQ2sS",
    "Shipments": "QfmDnkgVeu7-cvg3VlSg0J9",
    "ShippedArrived": "QfmDnkgVeu7-MChp1tJXS2n"
  }
]