[
  {
    "#": 1,
    "No. of Attritions from the Last Month": "IQ7Je2EcSI9-L9PgUOaz22u",
    "No. of New Patients in the Current Month": "IQ7Je2EcSI9-nH4XxjPkoxI",
    "Number of Patients as of Last Month": "IQ7Je2EcSI9-rA3udvKBRyC",
    "Number of Patients in the Current Month": "IQ7Je2EcSI9-A4se2hCmnev",
    "RegGroup": "Adult Regimens",
    "Regimen": "Adult-TDF+3TC+DTG (TLD)",
    "Therapy Line": "First"
  },
  {
    "#": 2,
    "No. of Attritions from the Last Month": "lFvSW3y2yfi-L9PgUOaz22u",
    "No. of New Patients in the Current Month": "lFvSW3y2yfi-nH4XxjPkoxI",
    "Number of Patients as of Last Month": "lFvSW3y2yfi-rA3udvKBRyC",
    "Number of Patients in the Current Month": "lFvSW3y2yfi-A4se2hCmnev",
    "RegGroup": "Adult Regimens",
    "Regimen": "Adult-TAF+FTC+DTG (TAF-ED)",
    "Therapy Line": "First"
  },
  {
    "#": 3,
    "No. of Attritions from the Last Month": "vLVYkMNO0By-L9PgUOaz22u",
    "No. of New Patients in the Current Month": "vLVYkMNO0By-nH4XxjPkoxI",
    "Number of Patients as of Last Month": "vLVYkMNO0By-rA3udvKBRyC",
    "Number of Patients in the Current Month": "vLVYkMNO0By-A4se2hCmnev",
    "RegGroup": "Adult Regimens",
    "Regimen": "Adult-TDF+FTC+EFV (Atripla)",
    "Therapy Line": "First"
  },
  {
    "#": 4,
    "No. of Attritions from the Last Month": "PQ8KsHOyxyr-L9PgUOaz22u",
    "No. of New Patients in the Current Month": "PQ8KsHOyxyr-nH4XxjPkoxI",
    "Number of Patients as of Last Month": "PQ8KsHOyxyr-rA3udvKBRyC",
    "Number of Patients in the Current Month": "PQ8KsHOyxyr-A4se2hCmnev",
    "RegGroup": "Adult Regimens",
    "Regimen": "Adult-(AZT+3TC)+DTG",
    "Therapy Line": "Second"
  },
  {
    "#": 5,
    "No. of Attritions from the Last Month": "sphuJgUv5Fy-L9PgUOaz22u",
    "No. of New Patients in the Current Month": "sphuJgUv5Fy-nH4XxjPkoxI",
    "Number of Patients as of Last Month": "sphuJgUv5Fy-rA3udvKBRyC",
    "Number of Patients in the Current Month": "sphuJgUv5Fy-A4se2hCmnev",
    "RegGroup": "Adult Regimens",
    "Regimen": "Adult-ABC+3TC+DTG",
    "Therapy Line": "Second"
  },
  {
    "#": 6,
    "No. of Attritions from the Last Month": "ecwEljKSnWw-L9PgUOaz22u",
    "No. of New Patients in the Current Month": "ecwEljKSnWw-nH4XxjPkoxI",
    "Number of Patients as of Last Month": "ecwEljKSnWw-rA3udvKBRyC",
    "Number of Patients in the Current Month": "ecwEljKSnWw-A4se2hCmnev",
    "RegGroup": "Adult Regimens",
    "Regimen": "Adult-TDF+3TC+ATA/r",
    "Therapy Line": "Second"
  },
  {
    "#": 7,
    "No. of Attritions from the Last Month": "CpuBpPmOrga-L9PgUOaz22u",
    "No. of New Patients in the Current Month": "CpuBpPmOrga-nH4XxjPkoxI",
    "Number of Patients as of Last Month": "CpuBpPmOrga-rA3udvKBRyC",
    "Number of Patients in the Current Month": "CpuBpPmOrga-A4se2hCmnev",
    "RegGroup": "Adult Regimens",
    "Regimen": "Adult-ABC+3TC+ATA/r",
    "Therapy Line": "Second"
  },
  {
    "#": 8,
    "No. of Attritions from the Last Month": "W8Nm1JJGOAj-L9PgUOaz22u",
    "No. of New Patients in the Current Month": "W8Nm1JJGOAj-nH4XxjPkoxI",
    "Number of Patients as of Last Month": "W8Nm1JJGOAj-rA3udvKBRyC",
    "Number of Patients in the Current Month": "W8Nm1JJGOAj-A4se2hCmnev",
    "RegGroup": "Adult Regimens",
    "Regimen": "Adult-AZT+3TC+ATA/r",
    "Therapy Line": "Second"
  },
  {
    "#": 9,
    "No. of Attritions from the Last Month": "FXSocvOl5Df-L9PgUOaz22u",
    "No. of New Patients in the Current Month": "FXSocvOl5Df-nH4XxjPkoxI",
    "Number of Patients as of Last Month": "FXSocvOl5Df-rA3udvKBRyC",
    "Number of Patients in the Current Month": "FXSocvOl5Df-A4se2hCmnev",
    "RegGroup": "Adult Regimens",
    "Regimen": "Adult-TDF+3TC+DTG+DRV+RTV",
    "Therapy Line": "Third"
  },
  {
    "#": 10,
    "No. of Attritions from the Last Month": "yvsxv3kO22O-L9PgUOaz22u",
    "No. of New Patients in the Current Month": "yvsxv3kO22O-nH4XxjPkoxI",
    "Number of Patients as of Last Month": "yvsxv3kO22O-rA3udvKBRyC",
    "Number of Patients in the Current Month": "yvsxv3kO22O-A4se2hCmnev",
    "RegGroup": "Adult Regimens",
    "Regimen": "Adult-AZT+3TC+DTG+DRV+RTV",
    "Therapy Line": "Third"
  },
  {
    "#": 11,
    "No. of Attritions from the Last Month": "hmDWOQjYhuU-L9PgUOaz22u",
    "No. of New Patients in the Current Month": "hmDWOQjYhuU-nH4XxjPkoxI",
    "Number of Patients as of Last Month": "hmDWOQjYhuU-rA3udvKBRyC",
    "Number of Patients in the Current Month": "hmDWOQjYhuU-A4se2hCmnev",
    "RegGroup": "Adult Regimens",
    "Regimen": "Adult-ABC+3TC+DTG+DRV+RTV",
    "Therapy Line": "Third"
  },
  {
    "#": 12,
    "No. of Attritions from the Last Month": "Q50XLrjZrp1-L9PgUOaz22u",
    "No. of New Patients in the Current Month": "Q50XLrjZrp1-nH4XxjPkoxI",
    "Number of Patients as of Last Month": "Q50XLrjZrp1-rA3udvKBRyC",
    "Number of Patients in the Current Month": "Q50XLrjZrp1-A4se2hCmnev",
    "RegGroup": "Adult Regimens",
    "Regimen": "Adult-AZT+3TC+DAR+RIT",
    "Therapy Line": "Third"
  },
  {
    "#": 13,
    "No. of Attritions from the Last Month": "hG4xlz2j5u1-L9PgUOaz22u",
    "No. of New Patients in the Current Month": "hG4xlz2j5u1-nH4XxjPkoxI",
    "Number of Patients as of Last Month": "hG4xlz2j5u1-rA3udvKBRyC",
    "Number of Patients in the Current Month": "hG4xlz2j5u1-A4se2hCmnev",
    "RegGroup": "Adult Regimens",
    "Regimen": "Adult-TDF+3TC+RAL+RTV",
    "Therapy Line": "Third"
  },
  {
    "#": 14,
    "No. of Attritions from the Last Month": "LvllNX4TqJf-L9PgUOaz22u",
    "No. of New Patients in the Current Month": "LvllNX4TqJf-nH4XxjPkoxI",
    "Number of Patients as of Last Month": "LvllNX4TqJf-rA3udvKBRyC",
    "Number of Patients in the Current Month": "LvllNX4TqJf-A4se2hCmnev",
    "RegGroup": "Adult Regimens",
    "Regimen": "Adult-AZT+3TC+RAL+RTV",
    "Therapy Line": "Third"
  },
  {
    "#": 15,
    "No. of Attritions from the Last Month": "n1JThP3dR5H-L9PgUOaz22u",
    "No. of New Patients in the Current Month": "n1JThP3dR5H-nH4XxjPkoxI",
    "Number of Patients as of Last Month": "n1JThP3dR5H-rA3udvKBRyC",
    "Number of Patients in the Current Month": "n1JThP3dR5H-A4se2hCmnev",
    "RegGroup": "Adult Regimens",
    "Regimen": "Adult-ABC+3TC+RAL+RTV",
    "Therapy Line": "Third"
  },
  {
    "#": 16,
    "No. of Attritions from the Last Month": "KM4CgbDn2Ae-L9PgUOaz22u",
    "No. of New Patients in the Current Month": "KM4CgbDn2Ae-nH4XxjPkoxI",
    "Number of Patients as of Last Month": "KM4CgbDn2Ae-rA3udvKBRyC",
    "Number of Patients in the Current Month": "KM4CgbDn2Ae-A4se2hCmnev",
    "RegGroup": "Adult Regimens",
    "Regimen": "Adult-AZT+TDF+ATA/r",
    "Therapy Line": "Salvage"
  },
  {
    "#": 17,
    "No. of Attritions from the Last Month": "l3Nt4WenXrF-L9PgUOaz22u",
    "No. of New Patients in the Current Month": "l3Nt4WenXrF-nH4XxjPkoxI",
    "Number of Patients as of Last Month": "l3Nt4WenXrF-rA3udvKBRyC",
    "Number of Patients in the Current Month": "l3Nt4WenXrF-A4se2hCmnev",
    "RegGroup": "Adult Regimens",
    "Regimen": "Adult-TDF+RAL",
    "Therapy Line": "Salvage"
  },
  {
    "#": 18,
    "No. of Attritions from the Last Month": "OKriqF5IqcW-L9PgUOaz22u",
    "No. of New Patients in the Current Month": "OKriqF5IqcW-nH4XxjPkoxI",
    "Number of Patients as of Last Month": "OKriqF5IqcW-rA3udvKBRyC",
    "Number of Patients in the Current Month": "OKriqF5IqcW-A4se2hCmnev",
    "RegGroup": "Adult Regimens",
    "Regimen": "Adult-AZT+3TC+NVP",
    "Therapy Line": "Obsolete"
  },
  {
    "#": 19,
    "No. of Attritions from the Last Month": "doJutI97R8p-L9PgUOaz22u",
    "No. of New Patients in the Current Month": "doJutI97R8p-nH4XxjPkoxI",
    "Number of Patients as of Last Month": "doJutI97R8p-rA3udvKBRyC",
    "Number of Patients in the Current Month": "doJutI97R8p-A4se2hCmnev",
    "RegGroup": "Adult Regimens",
    "Regimen": "Adult-AZT+3TC+EFV",
    "Therapy Line": "Obsolete"
  },
  {
    "#": 20,
    "No. of Attritions from the Last Month": "idtPJ9bu70C-L9PgUOaz22u",
    "No. of New Patients in the Current Month": "idtPJ9bu70C-nH4XxjPkoxI",
    "Number of Patients as of Last Month": "idtPJ9bu70C-rA3udvKBRyC",
    "Number of Patients in the Current Month": "idtPJ9bu70C-A4se2hCmnev",
    "RegGroup": "Adult Regimens",
    "Regimen": "Adult-AZT+3TC+LPV/r",
    "Therapy Line": "Obsolete"
  },
  {
    "#": 21,
    "No. of Attritions from the Last Month": "ca8nNRBWk0K-L9PgUOaz22u",
    "No. of New Patients in the Current Month": "ca8nNRBWk0K-nH4XxjPkoxI",
    "Number of Patients as of Last Month": "ca8nNRBWk0K-rA3udvKBRyC",
    "Number of Patients in the Current Month": "ca8nNRBWk0K-A4se2hCmnev",
    "RegGroup": "Adult Regimens",
    "Regimen": "Adult-ABC+3TC+NVP",
    "Therapy Line": "Obsolete"
  },
  {
    "#": 22,
    "No. of Attritions from the Last Month": "WZ1Ysou1bkG-L9PgUOaz22u",
    "No. of New Patients in the Current Month": "WZ1Ysou1bkG-nH4XxjPkoxI",
    "Number of Patients as of Last Month": "WZ1Ysou1bkG-rA3udvKBRyC",
    "Number of Patients in the Current Month": "WZ1Ysou1bkG-A4se2hCmnev",
    "RegGroup": "Adult Regimens",
    "Regimen": "Adult-ABC+3TC+EFV",
    "Therapy Line": "Obsolete"
  },
  {
    "#": 23,
    "No. of Attritions from the Last Month": "LE8D4bNu6GU-L9PgUOaz22u",
    "No. of New Patients in the Current Month": "LE8D4bNu6GU-nH4XxjPkoxI",
    "Number of Patients as of Last Month": "LE8D4bNu6GU-rA3udvKBRyC",
    "Number of Patients in the Current Month": "LE8D4bNu6GU-A4se2hCmnev",
    "RegGroup": "Adult Regimens",
    "Regimen": "Adult-ABC+3TC+LPV/r",
    "Therapy Line": "Obsolete"
  },
  {
    "#": 24,
    "No. of Attritions from the Last Month": "UE9Tv4g4FdB-L9PgUOaz22u",
    "No. of New Patients in the Current Month": "UE9Tv4g4FdB-nH4XxjPkoxI",
    "Number of Patients as of Last Month": "UE9Tv4g4FdB-rA3udvKBRyC",
    "Number of Patients in the Current Month": "UE9Tv4g4FdB-A4se2hCmnev",
    "RegGroup": "Adult Regimens",
    "Regimen": "Adult-TDF+ABC+EFV",
    "Therapy Line": "Obsolete"
  },
  {
    "#": 25,
    "No. of Attritions from the Last Month": "gKf8N0NUQDT-L9PgUOaz22u",
    "No. of New Patients in the Current Month": "gKf8N0NUQDT-nH4XxjPkoxI",
    "Number of Patients as of Last Month": "gKf8N0NUQDT-rA3udvKBRyC",
    "Number of Patients in the Current Month": "gKf8N0NUQDT-A4se2hCmnev",
    "RegGroup": "Adult Regimens",
    "Regimen": "Adult-TDF+ABC+NVP",
    "Therapy Line": "Obsolete"
  },
  {
    "#": 26,
    "No. of Attritions from the Last Month": "XMYADll9P6e-L9PgUOaz22u",
    "No. of New Patients in the Current Month": "XMYADll9P6e-nH4XxjPkoxI",
    "Number of Patients as of Last Month": "XMYADll9P6e-rA3udvKBRyC",
    "Number of Patients in the Current Month": "XMYADll9P6e-A4se2hCmnev",
    "RegGroup": "Adult Regimens",
    "Regimen": "Adult-TDF+ABC+LPV/r",
    "Therapy Line": "Obsolete"
  },
  {
    "#": 27,
    "No. of Attritions from the Last Month": "hF62MP3MwkJ-L9PgUOaz22u",
    "No. of New Patients in the Current Month": "hF62MP3MwkJ-nH4XxjPkoxI",
    "Number of Patients as of Last Month": "hF62MP3MwkJ-rA3udvKBRyC",
    "Number of Patients in the Current Month": "hF62MP3MwkJ-A4se2hCmnev",
    "RegGroup": "Adult Regimens",
    "Regimen": "Adult-TDF+AZT+3TC+LPV/r",
    "Therapy Line": "Obsolete"
  },
  {
    "#": 28,
    "No. of Attritions from the Last Month": "N8JW29kxwdD-L9PgUOaz22u",
    "No. of New Patients in the Current Month": "N8JW29kxwdD-nH4XxjPkoxI",
    "Number of Patients as of Last Month": "N8JW29kxwdD-rA3udvKBRyC",
    "Number of Patients in the Current Month": "N8JW29kxwdD-A4se2hCmnev",
    "RegGroup": "Adult Regimens",
    "Regimen": "Adult-TVD+RAL+LPV/r",
    "Therapy Line": "Obsolete"
  },
  {
    "#": "#",
    "No. of Attritions from the Last Month": "Number of Attritions from the Regimen in the Current Month",
    "No. of New Patients in the Current Month": "Number of New Patients in the Current Month",
    "Number of Patients as of Last Month": "Number of Patients as of Last Month",
    "Number of Patients in the Current Month": "Number of Patients in the Current Month",
    "RegGroup": "",
    "Regimen": "Paediatric Regimen for Children (<30kg) (Tablets/Capsules)",
    "Therapy Line": "Therapy Line"
  },
  {
    "#": 1,
    "No. of Attritions from the Last Month": "OKriqF5IqcW-bGRCBAiDVRE",
    "No. of New Patients in the Current Month": "OKriqF5IqcW-IJjQIMGarwR",
    "Number of Patients as of Last Month": "OKriqF5IqcW-OXqueybPwL0",
    "Number of Patients in the Current Month": "OKriqF5IqcW-T0vLh7Ku0wl",
    "RegGroup": "Paediatric Regimen for Children (<30kg) (Tablets/Capsules)",
    "Regimen": "Paediatric Tablets/Capsules-AZT+3TC+NVP",
    "Therapy Line": "First"
  },
  {
    "#": 2,
    "No. of Attritions from the Last Month": "ca8nNRBWk0K-bGRCBAiDVRE",
    "No. of New Patients in the Current Month": "ca8nNRBWk0K-IJjQIMGarwR",
    "Number of Patients as of Last Month": "ca8nNRBWk0K-OXqueybPwL0",
    "Number of Patients in the Current Month": "ca8nNRBWk0K-T0vLh7Ku0wl",
    "RegGroup": "Paediatric Regimen for Children (<30kg) (Tablets/Capsules)",
    "Regimen": "Paediatric Tablets/Capsules-ABC+3TC+NVP",
    "Therapy Line": "First"
  },
  {
    "#": 3,
    "No. of Attritions from the Last Month": "osCzfBbsIVX-bGRCBAiDVRE",
    "No. of New Patients in the Current Month": "osCzfBbsIVX-IJjQIMGarwR",
    "Number of Patients as of Last Month": "osCzfBbsIVX-OXqueybPwL0",
    "Number of Patients in the Current Month": "osCzfBbsIVX-T0vLh7Ku0wl",
    "RegGroup": "Paediatric Regimen for Children (<30kg) (Tablets/Capsules)",
    "Regimen": "Paediatric Tablets/Capsules-ABC+3TC+LPVr",
    "Therapy Line": "First"
  },
  {
    "#": 4,
    "No. of Attritions from the Last Month": "ohFe9ua58vG-bGRCBAiDVRE",
    "No. of New Patients in the Current Month": "ohFe9ua58vG-IJjQIMGarwR",
    "Number of Patients as of Last Month": "ohFe9ua58vG-OXqueybPwL0",
    "Number of Patients in the Current Month": "ohFe9ua58vG-T0vLh7Ku0wl",
    "RegGroup": "Paediatric Regimen for Children (<30kg) (Tablets/Capsules)",
    "Regimen": "Paediatric Tablets/Capsules-AZT+3TC+LPVr",
    "Therapy Line": "Second"
  },
  {
    "#": 5,
    "No. of Attritions from the Last Month": "doJutI97R8p-bGRCBAiDVRE",
    "No. of New Patients in the Current Month": "doJutI97R8p-IJjQIMGarwR",
    "Number of Patients as of Last Month": "doJutI97R8p-OXqueybPwL0",
    "Number of Patients in the Current Month": "doJutI97R8p-T0vLh7Ku0wl",
    "RegGroup": "Paediatric Regimen for Children (<30kg) (Tablets/Capsules)",
    "Regimen": "Paediatric Tablets/Capsules-AZT+3TC+EFV",
    "Therapy Line": "Obsolete"
  },
  {
    "#": 6,
    "No. of Attritions from the Last Month": "WZ1Ysou1bkG-bGRCBAiDVRE",
    "No. of New Patients in the Current Month": "WZ1Ysou1bkG-IJjQIMGarwR",
    "Number of Patients as of Last Month": "WZ1Ysou1bkG-OXqueybPwL0",
    "Number of Patients in the Current Month": "WZ1Ysou1bkG-T0vLh7Ku0wl",
    "RegGroup": "Paediatric Regimen for Children (<30kg) (Tablets/Capsules)",
    "Regimen": "Paediatric Tablets/Capsules-ABC+3TC+EFV",
    "Therapy Line": "Obsolete"
  },
  {
    "#": 7,
    "No. of Attritions from the Last Month": "",
    "No. of New Patients in the Current Month": "",
    "Number of Patients as of Last Month": "",
    "Number of Patients in the Current Month": "",
    "RegGroup": "",
    "Regimen": "",
    "Therapy Line": ""
  },
  {
    "#": 8,
    "No. of Attritions from the Last Month": "",
    "No. of New Patients in the Current Month": "",
    "Number of Patients as of Last Month": "",
    "Number of Patients in the Current Month": "",
    "RegGroup": "",
    "Regimen": "",
    "Therapy Line": ""
  },
  {
    "#": "#",
    "No. of Attritions from the Last Month": "Number of Attritions from the Regimen in the Current Month",
    "No. of New Patients in the Current Month": "Number of New Patients in the Current Month",
    "Number of Patients as of Last Month": "Number of Patients as of Last Month",
    "Number of Patients in the Current Month": "Number of Patients in the Current Month",
    "RegGroup": "",
    "Regimen": "Paediatric Regimen  for Children <30kg (Syrup/Granules)",
    "Therapy Line": "Therapy Line"
  },
  {
    "#": 1,
    "No. of Attritions from the Last Month": "OKriqF5IqcW-S0tXlu6RkBX",
    "No. of New Patients in the Current Month": "OKriqF5IqcW-XEhEtzqnlN7",
    "Number of Patients as of Last Month": "OKriqF5IqcW-hnTaiCUcYDb",
    "Number of Patients in the Current Month": "OKriqF5IqcW-l0mgBjfWRXB",
    "RegGroup": "Paediatric Regimen for Children (<30kg) (Syrup/Granules)",
    "Regimen": "Paediatric Syrup/Granules-AZT+3TC+NVP",
    "Therapy Line": "First"
  },
  {
    "#": 2,
    "No. of Attritions from the Last Month": "ca8nNRBWk0K-S0tXlu6RkBX",
    "No. of New Patients in the Current Month": "ca8nNRBWk0K-XEhEtzqnlN7",
    "Number of Patients as of Last Month": "ca8nNRBWk0K-hnTaiCUcYDb",
    "Number of Patients in the Current Month": "ca8nNRBWk0K-l0mgBjfWRXB",
    "RegGroup": "Paediatric Regimen for Children (<30kg) (Syrup/Granules)",
    "Regimen": "Paediatric Syrup/Granules-ABC+3TC+NVP",
    "Therapy Line": "First"
  },
  {
    "#": 3,
    "No. of Attritions from the Last Month": "osCzfBbsIVX-S0tXlu6RkBX",
    "No. of New Patients in the Current Month": "osCzfBbsIVX-XEhEtzqnlN7",
    "Number of Patients as of Last Month": "osCzfBbsIVX-hnTaiCUcYDb",
    "Number of Patients in the Current Month": "osCzfBbsIVX-l0mgBjfWRXB",
    "RegGroup": "Paediatric Regimen for Children (<30kg) (Syrup/Granules)",
    "Regimen": "Paediatric Syrup/Granules-ABC+3TC+LPVr",
    "Therapy Line": "First"
  },
  {
    "#": 4,
    "No. of Attritions from the Last Month": "ohFe9ua58vG-S0tXlu6RkBX",
    "No. of New Patients in the Current Month": "ohFe9ua58vG-XEhEtzqnlN7",
    "Number of Patients as of Last Month": "ohFe9ua58vG-hnTaiCUcYDb",
    "Number of Patients in the Current Month": "ohFe9ua58vG-l0mgBjfWRXB",
    "RegGroup": "Paediatric Regimen for Children (<30kg) (Syrup/Granules)",
    "Regimen": "Paediatric Syrup/Granules-AZT+3TC+LPVr",
    "Therapy Line": "Second"
  },
  {
    "#": 5,
    "No. of Attritions from the Last Month": "",
    "No. of New Patients in the Current Month": "",
    "Number of Patients as of Last Month": "",
    "Number of Patients in the Current Month": "",
    "RegGroup": "",
    "Regimen": "",
    "Therapy Line": ""
  },
  {
    "#": 6,
    "No. of Attritions from the Last Month": "",
    "No. of New Patients in the Current Month": "",
    "Number of Patients as of Last Month": "",
    "Number of Patients in the Current Month": "",
    "RegGroup": "",
    "Regimen": "",
    "Therapy Line": ""
  }
]