[
  {
    "__EMPTY_1": "Reporting & Requisition Form for VEN Medicines and Related Supplies"
  },
  {
    "__EMPTY_1": "Facility Name",
    "__EMPTY_12": "Maximum Stock level (MSL)",
    "__EMPTY_21": "ARV Report Timely Status",
    "__EMPTY_22": "ARV Report Late Status",
    "__EMPTY_23": "Stock Value",
    "__EMPTY_24": "Loss Value",
    "__EMPTY_25": "Product Count by Facility",
    "__EMPTY_26": "Product Availability Count by Facility",
    "__EMPTY_6": "Facility Code",
    "__EMPTY_9": "District"
  },
  {
    "__EMPTY_1": "Prepared by",
    "__EMPTY_10": "Reporting Period \r\n(Month & Year)",
    "__EMPTY_21": "nn9NgXG8zK6-hYScBWlEbAu",
    "__EMPTY_22": "t8qSU0VjzJf-hYScBWlEbAu",
    "__EMPTY_23": "xWDNy5AW5hQ-hYScBWlEbAu",
    "__EMPTY_24": "DgHbZB1NeEu-hYScBWlEbAu",
    "__EMPTY_25": "GHgnxEqRcV4-hYScBWlEbAu",
    "__EMPTY_26": "yGp20Y1w2hd-hYScBWlEbAu",
    "__EMPTY_5": "Date Prepared",
    "__EMPTY_8": "Date Received",
    "__EMPTY_9": "BfYyoQ5pxPL-hYScBWlEbAu"
  },
  {
    "__EMPTY": "Code",
    "__EMPTY_1": "Product Description / Specifications",
    "__EMPTY_10": "Ending Balance (Book)",
    "__EMPTY_11": "Ending Balance (Physical)",
    "__EMPTY_12": "Stock quantity with less than 3 months shelf life ",
    "__EMPTY_13": "Quantity Required/ ordered",
    "__EMPTY_14": "Comments",
    "__EMPTY_15": "AMC",
    "__EMPTY_16": "Adjustment Type",
    "__EMPTY_2": "class",
    "__EMPTY_21": "Price",
    "__EMPTY_22": "MOS",
    "__EMPTY_23": "Quantity Issued PreMonth",
    "__EMPTY_24": "Quantity Issued PrePreMonth",
    "__EMPTY_25": "Stockout",
    "__EMPTY_26": "Emergencyt",
    "__EMPTY_27": "Understock",
    "__EMPTY_28": "Adequate",
    "__EMPTY_29": "Overstock",
    "__EMPTY_3": "VEN",
    "__EMPTY_30": "Closing Zero Stock",
    "__EMPTY_31": "Non-Use",
    "__EMPTY_4": "Unit of Issue",
    "__EMPTY_5": "Beginning Balance",
    "__EMPTY_6": "Quantity received during the reporting period",
    "__EMPTY_7": "Quantity Issued  during the reporting period",
    "__EMPTY_8": "Losses  ",
    "__EMPTY_9": "Adjustments"
  },
  {
    "__EMPTY_10": "A+B-C-D+E",
    "__EMPTY_13": "= (C * MSL) - G"
  },
  {
    "__EMPTY_10": "F",
    "__EMPTY_11": "G",
    "__EMPTY_12": "H",
    "__EMPTY_13": "I",
    "__EMPTY_5": "A",
    "__EMPTY_6": "B",
    "__EMPTY_7": "C",
    "__EMPTY_8": "D",
    "__EMPTY_9": "E"
  },
  {
    "__EMPTY": "ABA001",
    "__EMPTY_1": "Abacavir 20mg/ml Oral Solution, 240ml",
    "__EMPTY_10": "xKpp0O0i4EO-lNjhiBWostD",
    "__EMPTY_11": "xKpp0O0i4EO-gdfxU93ELmJ",
    "__EMPTY_12": "xKpp0O0i4EO-eJcatASNrDD",
    "__EMPTY_13": "xKpp0O0i4EO-X8TZ8BA9Q5w",
    "__EMPTY_14": "kk0c7OSxUtU-f8tqseFk9CK",
    "__EMPTY_15": "xKpp0O0i4EO-qmKxrGMLfcL",
    "__EMPTY_16": "xJxNnKb29mU-XxPpu51hMrn",
    "__EMPTY_2": 600,
    "__EMPTY_21": "xKpp0O0i4EO-UXUSOHc5zOq",
    "__EMPTY_22": "xKpp0O0i4EO-sUKxIAlbTae",
    "__EMPTY_23": "xKpp0O0i4EO-PRUXDoeBnuF",
    "__EMPTY_24": "xKpp0O0i4EO-twup75lNJpt",
    "__EMPTY_25": "xKpp0O0i4EO-CN2fhPx8zAL",
    "__EMPTY_26": "xKpp0O0i4EO-JiiluEpMlcp",
    "__EMPTY_27": "xKpp0O0i4EO-ahPxmw900L3",
    "__EMPTY_28": "xKpp0O0i4EO-VP94GszpMBM",
    "__EMPTY_29": "xKpp0O0i4EO-f1kqIsBp0Y5",
    "__EMPTY_3": "E",
    "__EMPTY_30": "xKpp0O0i4EO-fFivozbWLLH",
    "__EMPTY_31": "xKpp0O0i4EO-OBwuZ6rUKwU",
    "__EMPTY_4": "Bottle",
    "__EMPTY_5": "xKpp0O0i4EO-dWTgv7nQzp3",
    "__EMPTY_6": "xKpp0O0i4EO-cqr9Qz4S9ir",
    "__EMPTY_7": "xKpp0O0i4EO-d1ha3qv5NVz",
    "__EMPTY_8": "xKpp0O0i4EO-H8wShkXgdh5",
    "__EMPTY_9": "xKpp0O0i4EO-BH0lye2amGG"
  },
  {
    "__EMPTY": "ABA002",
    "__EMPTY_1": "Abacavir 300mg Tablets, 60's",
    "__EMPTY_10": "pA6CFxovxdh-lNjhiBWostD",
    "__EMPTY_11": "pA6CFxovxdh-gdfxU93ELmJ",
    "__EMPTY_12": "pA6CFxovxdh-eJcatASNrDD",
    "__EMPTY_13": "pA6CFxovxdh-X8TZ8BA9Q5w",
    "__EMPTY_14": "tAy4VENAVWJ-f8tqseFk9CK",
    "__EMPTY_15": "pA6CFxovxdh-qmKxrGMLfcL",
    "__EMPTY_16": "LboUxEvXXDW-XxPpu51hMrn",
    "__EMPTY_2": 600,
    "__EMPTY_21": "pA6CFxovxdh-UXUSOHc5zOq",
    "__EMPTY_22": "pA6CFxovxdh-sUKxIAlbTae",
    "__EMPTY_23": "pA6CFxovxdh-PRUXDoeBnuF",
    "__EMPTY_24": "pA6CFxovxdh-twup75lNJpt",
    "__EMPTY_25": "pA6CFxovxdh-CN2fhPx8zAL",
    "__EMPTY_26": "pA6CFxovxdh-JiiluEpMlcp",
    "__EMPTY_27": "pA6CFxovxdh-ahPxmw900L3",
    "__EMPTY_28": "pA6CFxovxdh-VP94GszpMBM",
    "__EMPTY_29": "pA6CFxovxdh-f1kqIsBp0Y5",
    "__EMPTY_3": "E",
    "__EMPTY_30": "pA6CFxovxdh-fFivozbWLLH",
    "__EMPTY_31": "pA6CFxovxdh-OBwuZ6rUKwU",
    "__EMPTY_4": "Pack ",
    "__EMPTY_5": "pA6CFxovxdh-dWTgv7nQzp3",
    "__EMPTY_6": "pA6CFxovxdh-cqr9Qz4S9ir",
    "__EMPTY_7": "pA6CFxovxdh-d1ha3qv5NVz",
    "__EMPTY_8": "pA6CFxovxdh-H8wShkXgdh5",
    "__EMPTY_9": "pA6CFxovxdh-BH0lye2amGG"
  },
  {
    "__EMPTY": "DOL001",
    "__EMPTY_1": "Dolutegravir 50mg Tablets,30's",
    "__EMPTY_10": "HBqBnkyqN4V-lNjhiBWostD",
    "__EMPTY_11": "HBqBnkyqN4V-gdfxU93ELmJ",
    "__EMPTY_12": "HBqBnkyqN4V-eJcatASNrDD",
    "__EMPTY_13": "HBqBnkyqN4V-X8TZ8BA9Q5w",
    "__EMPTY_14": "a95lWt1x8un-f8tqseFk9CK",
    "__EMPTY_15": "HBqBnkyqN4V-qmKxrGMLfcL",
    "__EMPTY_16": "bIk9n7yEuTV-XxPpu51hMrn",
    "__EMPTY_2": 300,
    "__EMPTY_21": "HBqBnkyqN4V-UXUSOHc5zOq",
    "__EMPTY_22": "HBqBnkyqN4V-sUKxIAlbTae",
    "__EMPTY_23": "HBqBnkyqN4V-PRUXDoeBnuF",
    "__EMPTY_24": "HBqBnkyqN4V-twup75lNJpt",
    "__EMPTY_25": "HBqBnkyqN4V-CN2fhPx8zAL",
    "__EMPTY_26": "HBqBnkyqN4V-JiiluEpMlcp",
    "__EMPTY_27": "HBqBnkyqN4V-ahPxmw900L3",
    "__EMPTY_28": "HBqBnkyqN4V-VP94GszpMBM",
    "__EMPTY_29": "HBqBnkyqN4V-f1kqIsBp0Y5",
    "__EMPTY_3": "V",
    "__EMPTY_30": "HBqBnkyqN4V-fFivozbWLLH",
    "__EMPTY_31": "HBqBnkyqN4V-OBwuZ6rUKwU",
    "__EMPTY_4": "Pack",
    "__EMPTY_5": "HBqBnkyqN4V-dWTgv7nQzp3",
    "__EMPTY_6": "HBqBnkyqN4V-cqr9Qz4S9ir",
    "__EMPTY_7": "HBqBnkyqN4V-d1ha3qv5NVz",
    "__EMPTY_8": "HBqBnkyqN4V-H8wShkXgdh5",
    "__EMPTY_9": "HBqBnkyqN4V-BH0lye2amGG"
  },
  {
    "__EMPTY": "EFA001",
    "__EMPTY_1": "Efavirenz 200mg Tablets, 90's",
    "__EMPTY_10": "fmrwZXwFXmr-lNjhiBWostD",
    "__EMPTY_11": "fmrwZXwFXmr-gdfxU93ELmJ",
    "__EMPTY_12": "fmrwZXwFXmr-eJcatASNrDD",
    "__EMPTY_13": "fmrwZXwFXmr-X8TZ8BA9Q5w",
    "__EMPTY_14": "PU07GZiZmql-f8tqseFk9CK",
    "__EMPTY_15": "fmrwZXwFXmr-qmKxrGMLfcL",
    "__EMPTY_16": "r586PEPx3NV-XxPpu51hMrn",
    "__EMPTY_2": 300,
    "__EMPTY_21": "fmrwZXwFXmr-UXUSOHc5zOq",
    "__EMPTY_22": "fmrwZXwFXmr-sUKxIAlbTae",
    "__EMPTY_23": "fmrwZXwFXmr-PRUXDoeBnuF",
    "__EMPTY_24": "fmrwZXwFXmr-twup75lNJpt",
    "__EMPTY_25": "fmrwZXwFXmr-CN2fhPx8zAL",
    "__EMPTY_26": "fmrwZXwFXmr-JiiluEpMlcp",
    "__EMPTY_27": "fmrwZXwFXmr-ahPxmw900L3",
    "__EMPTY_28": "fmrwZXwFXmr-VP94GszpMBM",
    "__EMPTY_29": "fmrwZXwFXmr-f1kqIsBp0Y5",
    "__EMPTY_3": "V",
    "__EMPTY_30": "fmrwZXwFXmr-fFivozbWLLH",
    "__EMPTY_31": "fmrwZXwFXmr-OBwuZ6rUKwU",
    "__EMPTY_4": "Pack",
    "__EMPTY_5": "fmrwZXwFXmr-dWTgv7nQzp3",
    "__EMPTY_6": "fmrwZXwFXmr-cqr9Qz4S9ir",
    "__EMPTY_7": "fmrwZXwFXmr-d1ha3qv5NVz",
    "__EMPTY_8": "fmrwZXwFXmr-H8wShkXgdh5",
    "__EMPTY_9": "fmrwZXwFXmr-BH0lye2amGG"
  },
  {
    "__EMPTY": "EFA004",
    "__EMPTY_1": "Efavirenz 600mg Tablets, 30's",
    "__EMPTY_10": "pR5DcTsiIxr-lNjhiBWostD",
    "__EMPTY_11": "pR5DcTsiIxr-gdfxU93ELmJ",
    "__EMPTY_12": "pR5DcTsiIxr-eJcatASNrDD",
    "__EMPTY_13": "pR5DcTsiIxr-X8TZ8BA9Q5w",
    "__EMPTY_14": "DsurDnXAqWi-f8tqseFk9CK",
    "__EMPTY_15": "pR5DcTsiIxr-qmKxrGMLfcL",
    "__EMPTY_16": "zT2P1V28aLo-XxPpu51hMrn",
    "__EMPTY_2": 300,
    "__EMPTY_21": "pR5DcTsiIxr-UXUSOHc5zOq",
    "__EMPTY_22": "pR5DcTsiIxr-sUKxIAlbTae",
    "__EMPTY_23": "pR5DcTsiIxr-PRUXDoeBnuF",
    "__EMPTY_24": "pR5DcTsiIxr-twup75lNJpt",
    "__EMPTY_25": "pR5DcTsiIxr-CN2fhPx8zAL",
    "__EMPTY_26": "pR5DcTsiIxr-JiiluEpMlcp",
    "__EMPTY_27": "pR5DcTsiIxr-ahPxmw900L3",
    "__EMPTY_28": "pR5DcTsiIxr-VP94GszpMBM",
    "__EMPTY_29": "pR5DcTsiIxr-f1kqIsBp0Y5",
    "__EMPTY_3": "V",
    "__EMPTY_30": "pR5DcTsiIxr-fFivozbWLLH",
    "__EMPTY_31": "pR5DcTsiIxr-OBwuZ6rUKwU",
    "__EMPTY_4": "Pack ",
    "__EMPTY_5": "pR5DcTsiIxr-dWTgv7nQzp3",
    "__EMPTY_6": "pR5DcTsiIxr-cqr9Qz4S9ir",
    "__EMPTY_7": "pR5DcTsiIxr-d1ha3qv5NVz",
    "__EMPTY_8": "pR5DcTsiIxr-H8wShkXgdh5",
    "__EMPTY_9": "pR5DcTsiIxr-BH0lye2amGG"
  },
  {
    "__EMPTY": "LAM001",
    "__EMPTY_1": "Lamivudine 10mg/ml Syrup, 240ml",
    "__EMPTY_10": "mJEjyCuq7DY-lNjhiBWostD",
    "__EMPTY_11": "mJEjyCuq7DY-gdfxU93ELmJ",
    "__EMPTY_12": "mJEjyCuq7DY-eJcatASNrDD",
    "__EMPTY_13": "mJEjyCuq7DY-X8TZ8BA9Q5w",
    "__EMPTY_14": "N2aHzuz2I2Q-f8tqseFk9CK",
    "__EMPTY_15": "mJEjyCuq7DY-qmKxrGMLfcL",
    "__EMPTY_16": "roTokLvhPif-XxPpu51hMrn",
    "__EMPTY_2": 200,
    "__EMPTY_21": "mJEjyCuq7DY-UXUSOHc5zOq",
    "__EMPTY_22": "mJEjyCuq7DY-sUKxIAlbTae",
    "__EMPTY_23": "mJEjyCuq7DY-PRUXDoeBnuF",
    "__EMPTY_24": "mJEjyCuq7DY-twup75lNJpt",
    "__EMPTY_25": "mJEjyCuq7DY-CN2fhPx8zAL",
    "__EMPTY_26": "mJEjyCuq7DY-JiiluEpMlcp",
    "__EMPTY_27": "mJEjyCuq7DY-ahPxmw900L3",
    "__EMPTY_28": "mJEjyCuq7DY-VP94GszpMBM",
    "__EMPTY_29": "mJEjyCuq7DY-f1kqIsBp0Y5",
    "__EMPTY_3": "V",
    "__EMPTY_30": "mJEjyCuq7DY-fFivozbWLLH",
    "__EMPTY_31": "mJEjyCuq7DY-OBwuZ6rUKwU",
    "__EMPTY_4": "Bottle",
    "__EMPTY_5": "mJEjyCuq7DY-dWTgv7nQzp3",
    "__EMPTY_6": "mJEjyCuq7DY-cqr9Qz4S9ir",
    "__EMPTY_7": "mJEjyCuq7DY-d1ha3qv5NVz",
    "__EMPTY_8": "mJEjyCuq7DY-H8wShkXgdh5",
    "__EMPTY_9": "mJEjyCuq7DY-BH0lye2amGG"
  },
  {
    "__EMPTY": "LAM003",
    "__EMPTY_1": "Lamivudine 150mg Tablets, 60's",
    "__EMPTY_10": "cbyla2sWKtP-lNjhiBWostD",
    "__EMPTY_11": "cbyla2sWKtP-gdfxU93ELmJ",
    "__EMPTY_12": "cbyla2sWKtP-eJcatASNrDD",
    "__EMPTY_13": "cbyla2sWKtP-X8TZ8BA9Q5w",
    "__EMPTY_14": "fSCmSpQPixH-f8tqseFk9CK",
    "__EMPTY_15": "cbyla2sWKtP-qmKxrGMLfcL",
    "__EMPTY_16": "byldPRtq1VA-XxPpu51hMrn",
    "__EMPTY_2": 300,
    "__EMPTY_21": "cbyla2sWKtP-UXUSOHc5zOq",
    "__EMPTY_22": "cbyla2sWKtP-sUKxIAlbTae",
    "__EMPTY_23": "cbyla2sWKtP-PRUXDoeBnuF",
    "__EMPTY_24": "cbyla2sWKtP-twup75lNJpt",
    "__EMPTY_25": "cbyla2sWKtP-CN2fhPx8zAL",
    "__EMPTY_26": "cbyla2sWKtP-JiiluEpMlcp",
    "__EMPTY_27": "cbyla2sWKtP-ahPxmw900L3",
    "__EMPTY_28": "cbyla2sWKtP-VP94GszpMBM",
    "__EMPTY_29": "cbyla2sWKtP-f1kqIsBp0Y5",
    "__EMPTY_3": "V",
    "__EMPTY_30": "cbyla2sWKtP-fFivozbWLLH",
    "__EMPTY_31": "cbyla2sWKtP-OBwuZ6rUKwU",
    "__EMPTY_4": "Pack",
    "__EMPTY_5": "cbyla2sWKtP-dWTgv7nQzp3",
    "__EMPTY_6": "cbyla2sWKtP-cqr9Qz4S9ir",
    "__EMPTY_7": "cbyla2sWKtP-d1ha3qv5NVz",
    "__EMPTY_8": "cbyla2sWKtP-H8wShkXgdh5",
    "__EMPTY_9": "cbyla2sWKtP-BH0lye2amGG"
  },
  {
    "__EMPTY": "LOP003",
    "__EMPTY_1": "Lopinavir+Ritonavir (400+100)/5ml Oral Solution, 60ml",
    "__EMPTY_10": "h3GzZ5F6BIZ-lNjhiBWostD",
    "__EMPTY_11": "h3GzZ5F6BIZ-gdfxU93ELmJ",
    "__EMPTY_12": "h3GzZ5F6BIZ-eJcatASNrDD",
    "__EMPTY_13": "h3GzZ5F6BIZ-X8TZ8BA9Q5w",
    "__EMPTY_14": "CsicSgO42u5-f8tqseFk9CK",
    "__EMPTY_15": "h3GzZ5F6BIZ-qmKxrGMLfcL",
    "__EMPTY_16": "LaNtAOJiTU8-XxPpu51hMrn",
    "__EMPTY_2": 200,
    "__EMPTY_21": "h3GzZ5F6BIZ-UXUSOHc5zOq",
    "__EMPTY_22": "h3GzZ5F6BIZ-sUKxIAlbTae",
    "__EMPTY_23": "h3GzZ5F6BIZ-PRUXDoeBnuF",
    "__EMPTY_24": "h3GzZ5F6BIZ-twup75lNJpt",
    "__EMPTY_25": "h3GzZ5F6BIZ-CN2fhPx8zAL",
    "__EMPTY_26": "h3GzZ5F6BIZ-JiiluEpMlcp",
    "__EMPTY_27": "h3GzZ5F6BIZ-ahPxmw900L3",
    "__EMPTY_28": "h3GzZ5F6BIZ-VP94GszpMBM",
    "__EMPTY_29": "h3GzZ5F6BIZ-f1kqIsBp0Y5",
    "__EMPTY_3": "E",
    "__EMPTY_30": "h3GzZ5F6BIZ-fFivozbWLLH",
    "__EMPTY_31": "h3GzZ5F6BIZ-OBwuZ6rUKwU",
    "__EMPTY_4": "Bottle",
    "__EMPTY_5": "h3GzZ5F6BIZ-dWTgv7nQzp3",
    "__EMPTY_6": "h3GzZ5F6BIZ-cqr9Qz4S9ir",
    "__EMPTY_7": "h3GzZ5F6BIZ-d1ha3qv5NVz",
    "__EMPTY_8": "h3GzZ5F6BIZ-H8wShkXgdh5",
    "__EMPTY_9": "h3GzZ5F6BIZ-BH0lye2amGG"
  },
  {
    "__EMPTY": "LOP004",
    "__EMPTY_1": "Lopinavir + Ritonavir (200+50)Mg Tablets, 120's",
    "__EMPTY_10": "zWuO5yppza0-lNjhiBWostD",
    "__EMPTY_11": "zWuO5yppza0-gdfxU93ELmJ",
    "__EMPTY_12": "zWuO5yppza0-eJcatASNrDD",
    "__EMPTY_13": "zWuO5yppza0-X8TZ8BA9Q5w",
    "__EMPTY_14": "ymjQdpoKayA-f8tqseFk9CK",
    "__EMPTY_15": "zWuO5yppza0-qmKxrGMLfcL",
    "__EMPTY_16": "UlrYW79I4oF-XxPpu51hMrn",
    "__EMPTY_2": 300,
    "__EMPTY_21": "zWuO5yppza0-UXUSOHc5zOq",
    "__EMPTY_22": "zWuO5yppza0-sUKxIAlbTae",
    "__EMPTY_23": "zWuO5yppza0-PRUXDoeBnuF",
    "__EMPTY_24": "zWuO5yppza0-twup75lNJpt",
    "__EMPTY_25": "zWuO5yppza0-CN2fhPx8zAL",
    "__EMPTY_26": "zWuO5yppza0-JiiluEpMlcp",
    "__EMPTY_27": "zWuO5yppza0-ahPxmw900L3",
    "__EMPTY_28": "zWuO5yppza0-VP94GszpMBM",
    "__EMPTY_29": "zWuO5yppza0-f1kqIsBp0Y5",
    "__EMPTY_3": "E",
    "__EMPTY_30": "zWuO5yppza0-fFivozbWLLH",
    "__EMPTY_31": "zWuO5yppza0-OBwuZ6rUKwU",
    "__EMPTY_4": "Pack",
    "__EMPTY_5": "zWuO5yppza0-dWTgv7nQzp3",
    "__EMPTY_6": "zWuO5yppza0-cqr9Qz4S9ir",
    "__EMPTY_7": "zWuO5yppza0-d1ha3qv5NVz",
    "__EMPTY_8": "zWuO5yppza0-H8wShkXgdh5",
    "__EMPTY_9": "zWuO5yppza0-BH0lye2amGG"
  },
  {
    "__EMPTY": "NEV001",
    "__EMPTY_1": "Nevirapine 200 mg Scored Tablets, 60's",
    "__EMPTY_10": "uufoTB8s7Hz-lNjhiBWostD",
    "__EMPTY_11": "uufoTB8s7Hz-gdfxU93ELmJ",
    "__EMPTY_12": "uufoTB8s7Hz-eJcatASNrDD",
    "__EMPTY_13": "uufoTB8s7Hz-X8TZ8BA9Q5w",
    "__EMPTY_14": "NiyWeheUVnd-f8tqseFk9CK",
    "__EMPTY_15": "uufoTB8s7Hz-qmKxrGMLfcL",
    "__EMPTY_16": "vYhWCi2pbHB-XxPpu51hMrn",
    "__EMPTY_2": 300,
    "__EMPTY_21": "uufoTB8s7Hz-UXUSOHc5zOq",
    "__EMPTY_22": "uufoTB8s7Hz-sUKxIAlbTae",
    "__EMPTY_23": "uufoTB8s7Hz-PRUXDoeBnuF",
    "__EMPTY_24": "uufoTB8s7Hz-twup75lNJpt",
    "__EMPTY_25": "uufoTB8s7Hz-CN2fhPx8zAL",
    "__EMPTY_26": "uufoTB8s7Hz-JiiluEpMlcp",
    "__EMPTY_27": "uufoTB8s7Hz-ahPxmw900L3",
    "__EMPTY_28": "uufoTB8s7Hz-VP94GszpMBM",
    "__EMPTY_29": "uufoTB8s7Hz-f1kqIsBp0Y5",
    "__EMPTY_3": "V",
    "__EMPTY_30": "uufoTB8s7Hz-fFivozbWLLH",
    "__EMPTY_31": "uufoTB8s7Hz-OBwuZ6rUKwU",
    "__EMPTY_4": "Pack",
    "__EMPTY_5": "uufoTB8s7Hz-dWTgv7nQzp3",
    "__EMPTY_6": "uufoTB8s7Hz-cqr9Qz4S9ir",
    "__EMPTY_7": "uufoTB8s7Hz-d1ha3qv5NVz",
    "__EMPTY_8": "uufoTB8s7Hz-H8wShkXgdh5",
    "__EMPTY_9": "uufoTB8s7Hz-BH0lye2amGG"
  },
  {
    "__EMPTY": "NEV002",
    "__EMPTY_1": "Nevirapine 50mg/5ml Syrup, 240ml",
    "__EMPTY_10": "SCxLpWKRm77-lNjhiBWostD",
    "__EMPTY_11": "SCxLpWKRm77-gdfxU93ELmJ",
    "__EMPTY_12": "SCxLpWKRm77-eJcatASNrDD",
    "__EMPTY_13": "SCxLpWKRm77-X8TZ8BA9Q5w",
    "__EMPTY_14": "A97MgGhIk7P-f8tqseFk9CK",
    "__EMPTY_15": "SCxLpWKRm77-qmKxrGMLfcL",
    "__EMPTY_16": "c049acsMDQD-XxPpu51hMrn",
    "__EMPTY_2": 200,
    "__EMPTY_21": "SCxLpWKRm77-UXUSOHc5zOq",
    "__EMPTY_22": "SCxLpWKRm77-sUKxIAlbTae",
    "__EMPTY_23": "SCxLpWKRm77-PRUXDoeBnuF",
    "__EMPTY_24": "SCxLpWKRm77-twup75lNJpt",
    "__EMPTY_25": "SCxLpWKRm77-CN2fhPx8zAL",
    "__EMPTY_26": "SCxLpWKRm77-JiiluEpMlcp",
    "__EMPTY_27": "SCxLpWKRm77-ahPxmw900L3",
    "__EMPTY_28": "SCxLpWKRm77-VP94GszpMBM",
    "__EMPTY_29": "SCxLpWKRm77-f1kqIsBp0Y5",
    "__EMPTY_3": "V",
    "__EMPTY_30": "SCxLpWKRm77-fFivozbWLLH",
    "__EMPTY_31": "SCxLpWKRm77-OBwuZ6rUKwU",
    "__EMPTY_4": "Bottle",
    "__EMPTY_5": "SCxLpWKRm77-dWTgv7nQzp3",
    "__EMPTY_6": "SCxLpWKRm77-cqr9Qz4S9ir",
    "__EMPTY_7": "SCxLpWKRm77-d1ha3qv5NVz",
    "__EMPTY_8": "SCxLpWKRm77-H8wShkXgdh5",
    "__EMPTY_9": "SCxLpWKRm77-BH0lye2amGG"
  },
  {
    "__EMPTY": "TEN004",
    "__EMPTY_1": "Tenofovir 300mg + Emtricitabine 200mg Tablets, 30's",
    "__EMPTY_10": "a20CFgSnESJ-lNjhiBWostD",
    "__EMPTY_11": "a20CFgSnESJ-gdfxU93ELmJ",
    "__EMPTY_12": "a20CFgSnESJ-eJcatASNrDD",
    "__EMPTY_13": "a20CFgSnESJ-X8TZ8BA9Q5w",
    "__EMPTY_14": "ji0rPlJrUle-f8tqseFk9CK",
    "__EMPTY_15": "a20CFgSnESJ-qmKxrGMLfcL",
    "__EMPTY_16": "GR5yhLOsanY-XxPpu51hMrn",
    "__EMPTY_2": 300,
    "__EMPTY_21": "a20CFgSnESJ-UXUSOHc5zOq",
    "__EMPTY_22": "a20CFgSnESJ-sUKxIAlbTae",
    "__EMPTY_23": "a20CFgSnESJ-PRUXDoeBnuF",
    "__EMPTY_24": "a20CFgSnESJ-twup75lNJpt",
    "__EMPTY_25": "a20CFgSnESJ-CN2fhPx8zAL",
    "__EMPTY_26": "a20CFgSnESJ-JiiluEpMlcp",
    "__EMPTY_27": "a20CFgSnESJ-ahPxmw900L3",
    "__EMPTY_28": "a20CFgSnESJ-VP94GszpMBM",
    "__EMPTY_29": "a20CFgSnESJ-f1kqIsBp0Y5",
    "__EMPTY_3": "V",
    "__EMPTY_30": "a20CFgSnESJ-fFivozbWLLH",
    "__EMPTY_31": "a20CFgSnESJ-OBwuZ6rUKwU",
    "__EMPTY_4": "Pack ",
    "__EMPTY_5": "a20CFgSnESJ-dWTgv7nQzp3",
    "__EMPTY_6": "a20CFgSnESJ-cqr9Qz4S9ir",
    "__EMPTY_7": "a20CFgSnESJ-d1ha3qv5NVz",
    "__EMPTY_8": "a20CFgSnESJ-H8wShkXgdh5",
    "__EMPTY_9": "a20CFgSnESJ-BH0lye2amGG"
  },
  {
    "__EMPTY": "TEN005",
    "__EMPTY_1": "Tenofovir+Emtricitabine+Efavirenz(300+200+600)mg Tablets, 30's",
    "__EMPTY_10": "yD2gNmYktWF-lNjhiBWostD",
    "__EMPTY_11": "yD2gNmYktWF-gdfxU93ELmJ",
    "__EMPTY_12": "yD2gNmYktWF-eJcatASNrDD",
    "__EMPTY_13": "yD2gNmYktWF-X8TZ8BA9Q5w",
    "__EMPTY_14": "pWXWUhL0eHP-f8tqseFk9CK",
    "__EMPTY_15": "yD2gNmYktWF-qmKxrGMLfcL",
    "__EMPTY_16": "naSIC3SRiJC-XxPpu51hMrn",
    "__EMPTY_2": 300,
    "__EMPTY_21": "yD2gNmYktWF-UXUSOHc5zOq",
    "__EMPTY_22": "yD2gNmYktWF-sUKxIAlbTae",
    "__EMPTY_23": "yD2gNmYktWF-PRUXDoeBnuF",
    "__EMPTY_24": "yD2gNmYktWF-twup75lNJpt",
    "__EMPTY_25": "yD2gNmYktWF-CN2fhPx8zAL",
    "__EMPTY_26": "yD2gNmYktWF-JiiluEpMlcp",
    "__EMPTY_27": "yD2gNmYktWF-ahPxmw900L3",
    "__EMPTY_28": "yD2gNmYktWF-VP94GszpMBM",
    "__EMPTY_29": "yD2gNmYktWF-f1kqIsBp0Y5",
    "__EMPTY_3": "V",
    "__EMPTY_30": "yD2gNmYktWF-fFivozbWLLH",
    "__EMPTY_31": "yD2gNmYktWF-OBwuZ6rUKwU",
    "__EMPTY_4": "Pack ",
    "__EMPTY_5": "yD2gNmYktWF-dWTgv7nQzp3",
    "__EMPTY_6": "yD2gNmYktWF-cqr9Qz4S9ir",
    "__EMPTY_7": "yD2gNmYktWF-d1ha3qv5NVz",
    "__EMPTY_8": "yD2gNmYktWF-H8wShkXgdh5",
    "__EMPTY_9": "yD2gNmYktWF-BH0lye2amGG"
  },
  {
    "__EMPTY": "ZID001",
    "__EMPTY_1": "Zidovudine 10mg/ml Syrup, 240ml",
    "__EMPTY_10": "q6pD83YP434-lNjhiBWostD",
    "__EMPTY_11": "q6pD83YP434-gdfxU93ELmJ",
    "__EMPTY_12": "q6pD83YP434-eJcatASNrDD",
    "__EMPTY_13": "q6pD83YP434-X8TZ8BA9Q5w",
    "__EMPTY_14": "oKL7vIPaQMR-f8tqseFk9CK",
    "__EMPTY_15": "q6pD83YP434-qmKxrGMLfcL",
    "__EMPTY_16": "CH8pb9ZWHvF-XxPpu51hMrn",
    "__EMPTY_2": 200,
    "__EMPTY_21": "q6pD83YP434-UXUSOHc5zOq",
    "__EMPTY_22": "q6pD83YP434-sUKxIAlbTae",
    "__EMPTY_23": "q6pD83YP434-PRUXDoeBnuF",
    "__EMPTY_24": "q6pD83YP434-twup75lNJpt",
    "__EMPTY_25": "q6pD83YP434-CN2fhPx8zAL",
    "__EMPTY_26": "q6pD83YP434-JiiluEpMlcp",
    "__EMPTY_27": "q6pD83YP434-ahPxmw900L3",
    "__EMPTY_28": "q6pD83YP434-VP94GszpMBM",
    "__EMPTY_29": "q6pD83YP434-f1kqIsBp0Y5",
    "__EMPTY_3": "V",
    "__EMPTY_30": "q6pD83YP434-fFivozbWLLH",
    "__EMPTY_31": "q6pD83YP434-OBwuZ6rUKwU",
    "__EMPTY_4": "Bottle",
    "__EMPTY_5": "q6pD83YP434-dWTgv7nQzp3",
    "__EMPTY_6": "q6pD83YP434-cqr9Qz4S9ir",
    "__EMPTY_7": "q6pD83YP434-d1ha3qv5NVz",
    "__EMPTY_8": "q6pD83YP434-H8wShkXgdh5",
    "__EMPTY_9": "q6pD83YP434-BH0lye2amGG"
  },
  {
    "__EMPTY": "ZID003",
    "__EMPTY_1": "Zidovudine 100mg Capsules, 100's",
    "__EMPTY_10": "y5dUqQUxFim-lNjhiBWostD",
    "__EMPTY_11": "y5dUqQUxFim-gdfxU93ELmJ",
    "__EMPTY_12": "y5dUqQUxFim-eJcatASNrDD",
    "__EMPTY_13": "y5dUqQUxFim-X8TZ8BA9Q5w",
    "__EMPTY_14": "nFxGhHmJfo3-f8tqseFk9CK",
    "__EMPTY_15": "y5dUqQUxFim-qmKxrGMLfcL",
    "__EMPTY_16": "oMxwU8jFKAk-XxPpu51hMrn",
    "__EMPTY_2": 300,
    "__EMPTY_21": "y5dUqQUxFim-UXUSOHc5zOq",
    "__EMPTY_22": "y5dUqQUxFim-sUKxIAlbTae",
    "__EMPTY_23": "y5dUqQUxFim-PRUXDoeBnuF",
    "__EMPTY_24": "y5dUqQUxFim-twup75lNJpt",
    "__EMPTY_25": "y5dUqQUxFim-CN2fhPx8zAL",
    "__EMPTY_26": "y5dUqQUxFim-JiiluEpMlcp",
    "__EMPTY_27": "y5dUqQUxFim-ahPxmw900L3",
    "__EMPTY_28": "y5dUqQUxFim-VP94GszpMBM",
    "__EMPTY_29": "y5dUqQUxFim-f1kqIsBp0Y5",
    "__EMPTY_3": "V",
    "__EMPTY_30": "y5dUqQUxFim-fFivozbWLLH",
    "__EMPTY_31": "y5dUqQUxFim-OBwuZ6rUKwU",
    "__EMPTY_4": "Pack",
    "__EMPTY_5": "y5dUqQUxFim-dWTgv7nQzp3",
    "__EMPTY_6": "y5dUqQUxFim-cqr9Qz4S9ir",
    "__EMPTY_7": "y5dUqQUxFim-d1ha3qv5NVz",
    "__EMPTY_8": "y5dUqQUxFim-H8wShkXgdh5",
    "__EMPTY_9": "y5dUqQUxFim-BH0lye2amGG"
  },
  {
    "__EMPTY": "ZID005",
    "__EMPTY_1": "Zidovudine+Lamivudine (300+150)mg Tablets, 60's",
    "__EMPTY_10": "r6xAd9NtIUt-lNjhiBWostD",
    "__EMPTY_11": "r6xAd9NtIUt-gdfxU93ELmJ",
    "__EMPTY_12": "r6xAd9NtIUt-eJcatASNrDD",
    "__EMPTY_13": "r6xAd9NtIUt-X8TZ8BA9Q5w",
    "__EMPTY_14": "viGos0P3GjJ-f8tqseFk9CK",
    "__EMPTY_15": "r6xAd9NtIUt-qmKxrGMLfcL",
    "__EMPTY_16": "nqtqbHfwT0O-XxPpu51hMrn",
    "__EMPTY_2": 300,
    "__EMPTY_21": "r6xAd9NtIUt-UXUSOHc5zOq",
    "__EMPTY_22": "r6xAd9NtIUt-sUKxIAlbTae",
    "__EMPTY_23": "r6xAd9NtIUt-PRUXDoeBnuF",
    "__EMPTY_24": "r6xAd9NtIUt-twup75lNJpt",
    "__EMPTY_25": "r6xAd9NtIUt-CN2fhPx8zAL",
    "__EMPTY_26": "r6xAd9NtIUt-JiiluEpMlcp",
    "__EMPTY_27": "r6xAd9NtIUt-ahPxmw900L3",
    "__EMPTY_28": "r6xAd9NtIUt-VP94GszpMBM",
    "__EMPTY_29": "r6xAd9NtIUt-f1kqIsBp0Y5",
    "__EMPTY_3": "V",
    "__EMPTY_30": "r6xAd9NtIUt-fFivozbWLLH",
    "__EMPTY_31": "r6xAd9NtIUt-OBwuZ6rUKwU",
    "__EMPTY_4": "Pack",
    "__EMPTY_5": "r6xAd9NtIUt-dWTgv7nQzp3",
    "__EMPTY_6": "r6xAd9NtIUt-cqr9Qz4S9ir",
    "__EMPTY_7": "r6xAd9NtIUt-d1ha3qv5NVz",
    "__EMPTY_8": "r6xAd9NtIUt-H8wShkXgdh5",
    "__EMPTY_9": "r6xAd9NtIUt-BH0lye2amGG"
  },
  {
    "__EMPTY": "DOL002",
    "__EMPTY_1": "Dolutegravir 50mg+Lamivudine 150mg +enofovir Disoproxil Fumerate 300mg Tablets",
    "__EMPTY_10": "IlE2q27CTb4-lNjhiBWostD",
    "__EMPTY_11": "IlE2q27CTb4-gdfxU93ELmJ",
    "__EMPTY_12": "IlE2q27CTb4-eJcatASNrDD",
    "__EMPTY_13": "IlE2q27CTb4-X8TZ8BA9Q5w",
    "__EMPTY_14": "s0O9t5bhRWO-f8tqseFk9CK",
    "__EMPTY_15": "IlE2q27CTb4-qmKxrGMLfcL",
    "__EMPTY_16": "dNGRCvwB6Nc-XxPpu51hMrn",
    "__EMPTY_2": 300,
    "__EMPTY_21": "IlE2q27CTb4-UXUSOHc5zOq",
    "__EMPTY_22": "IlE2q27CTb4-sUKxIAlbTae",
    "__EMPTY_23": "IlE2q27CTb4-PRUXDoeBnuF",
    "__EMPTY_24": "IlE2q27CTb4-twup75lNJpt",
    "__EMPTY_25": "IlE2q27CTb4-CN2fhPx8zAL",
    "__EMPTY_26": "IlE2q27CTb4-JiiluEpMlcp",
    "__EMPTY_27": "IlE2q27CTb4-ahPxmw900L3",
    "__EMPTY_28": "IlE2q27CTb4-VP94GszpMBM",
    "__EMPTY_29": "IlE2q27CTb4-f1kqIsBp0Y5",
    "__EMPTY_3": "V",
    "__EMPTY_30": "IlE2q27CTb4-fFivozbWLLH",
    "__EMPTY_31": "IlE2q27CTb4-OBwuZ6rUKwU",
    "__EMPTY_4": "Pack",
    "__EMPTY_5": "IlE2q27CTb4-dWTgv7nQzp3",
    "__EMPTY_6": "IlE2q27CTb4-cqr9Qz4S9ir",
    "__EMPTY_7": "IlE2q27CTb4-d1ha3qv5NVz",
    "__EMPTY_8": "IlE2q27CTb4-H8wShkXgdh5",
    "__EMPTY_9": "IlE2q27CTb4-BH0lye2amGG"
  },
  {
    "__EMPTY": "ABA005",
    "__EMPTY_1": "Abacavir +Lamivudine(120+60)mg dispirsible tablets, 60's",
    "__EMPTY_10": "Ey1pVNDKtEV-lNjhiBWostD",
    "__EMPTY_11": "Ey1pVNDKtEV-gdfxU93ELmJ",
    "__EMPTY_12": "Ey1pVNDKtEV-eJcatASNrDD",
    "__EMPTY_13": "Ey1pVNDKtEV-X8TZ8BA9Q5w",
    "__EMPTY_14": "SZCL94vePg9-f8tqseFk9CK",
    "__EMPTY_15": "Ey1pVNDKtEV-qmKxrGMLfcL",
    "__EMPTY_16": "iWJKKMcktEm-XxPpu51hMrn",
    "__EMPTY_2": 300,
    "__EMPTY_21": "Ey1pVNDKtEV-UXUSOHc5zOq",
    "__EMPTY_22": "Ey1pVNDKtEV-sUKxIAlbTae",
    "__EMPTY_23": "Ey1pVNDKtEV-PRUXDoeBnuF",
    "__EMPTY_24": "Ey1pVNDKtEV-twup75lNJpt",
    "__EMPTY_25": "Ey1pVNDKtEV-CN2fhPx8zAL",
    "__EMPTY_26": "Ey1pVNDKtEV-JiiluEpMlcp",
    "__EMPTY_27": "Ey1pVNDKtEV-ahPxmw900L3",
    "__EMPTY_28": "Ey1pVNDKtEV-VP94GszpMBM",
    "__EMPTY_29": "Ey1pVNDKtEV-f1kqIsBp0Y5",
    "__EMPTY_3": "V",
    "__EMPTY_30": "Ey1pVNDKtEV-fFivozbWLLH",
    "__EMPTY_31": "Ey1pVNDKtEV-OBwuZ6rUKwU",
    "__EMPTY_4": "Pack",
    "__EMPTY_5": "Ey1pVNDKtEV-dWTgv7nQzp3",
    "__EMPTY_6": "Ey1pVNDKtEV-cqr9Qz4S9ir",
    "__EMPTY_7": "Ey1pVNDKtEV-d1ha3qv5NVz",
    "__EMPTY_8": "Ey1pVNDKtEV-H8wShkXgdh5",
    "__EMPTY_9": "Ey1pVNDKtEV-BH0lye2amGG"
  },
  {
    "__EMPTY": "TEN009",
    "__EMPTY_1": "Tenofovir Alafenamid Emtricitabine + Dolutegravir (25+200+50) mg tablets 30's",
    "__EMPTY_10": "sNF091ANqx6-lNjhiBWostD",
    "__EMPTY_11": "sNF091ANqx6-gdfxU93ELmJ",
    "__EMPTY_12": "sNF091ANqx6-eJcatASNrDD",
    "__EMPTY_13": "sNF091ANqx6-X8TZ8BA9Q5w",
    "__EMPTY_14": "opIhUv7waxf-f8tqseFk9CK",
    "__EMPTY_15": "sNF091ANqx6-qmKxrGMLfcL",
    "__EMPTY_16": "sgTL2jFVnqi-XxPpu51hMrn",
    "__EMPTY_2": 300,
    "__EMPTY_21": "sNF091ANqx6-UXUSOHc5zOq",
    "__EMPTY_22": "sNF091ANqx6-sUKxIAlbTae",
    "__EMPTY_23": "sNF091ANqx6-PRUXDoeBnuF",
    "__EMPTY_24": "sNF091ANqx6-twup75lNJpt",
    "__EMPTY_25": "sNF091ANqx6-CN2fhPx8zAL",
    "__EMPTY_26": "sNF091ANqx6-JiiluEpMlcp",
    "__EMPTY_27": "sNF091ANqx6-ahPxmw900L3",
    "__EMPTY_28": "sNF091ANqx6-VP94GszpMBM",
    "__EMPTY_29": "sNF091ANqx6-f1kqIsBp0Y5",
    "__EMPTY_3": "V",
    "__EMPTY_30": "sNF091ANqx6-fFivozbWLLH",
    "__EMPTY_31": "sNF091ANqx6-OBwuZ6rUKwU",
    "__EMPTY_4": "Pack",
    "__EMPTY_5": "sNF091ANqx6-dWTgv7nQzp3",
    "__EMPTY_6": "sNF091ANqx6-cqr9Qz4S9ir",
    "__EMPTY_7": "sNF091ANqx6-d1ha3qv5NVz",
    "__EMPTY_8": "sNF091ANqx6-H8wShkXgdh5",
    "__EMPTY_9": "sNF091ANqx6-BH0lye2amGG"
  },
  {
    "__EMPTY": "ATA001",
    "__EMPTY_1": "Atazanavir 150 mg tablets",
    "__EMPTY_10": "JakafHlzaeU-lNjhiBWostD",
    "__EMPTY_11": "JakafHlzaeU-gdfxU93ELmJ",
    "__EMPTY_12": "JakafHlzaeU-eJcatASNrDD",
    "__EMPTY_13": "JakafHlzaeU-X8TZ8BA9Q5w",
    "__EMPTY_14": "gxP785VjaIB-f8tqseFk9CK",
    "__EMPTY_15": "JakafHlzaeU-qmKxrGMLfcL",
    "__EMPTY_16": "pvZDoTnAw1Y-XxPpu51hMrn",
    "__EMPTY_2": 600,
    "__EMPTY_21": "JakafHlzaeU-UXUSOHc5zOq",
    "__EMPTY_22": "JakafHlzaeU-sUKxIAlbTae",
    "__EMPTY_23": "JakafHlzaeU-PRUXDoeBnuF",
    "__EMPTY_24": "JakafHlzaeU-twup75lNJpt",
    "__EMPTY_25": "JakafHlzaeU-CN2fhPx8zAL",
    "__EMPTY_26": "JakafHlzaeU-JiiluEpMlcp",
    "__EMPTY_27": "JakafHlzaeU-ahPxmw900L3",
    "__EMPTY_28": "JakafHlzaeU-VP94GszpMBM",
    "__EMPTY_29": "JakafHlzaeU-f1kqIsBp0Y5",
    "__EMPTY_3": "N/A",
    "__EMPTY_30": "JakafHlzaeU-fFivozbWLLH",
    "__EMPTY_31": "JakafHlzaeU-OBwuZ6rUKwU",
    "__EMPTY_4": "pack",
    "__EMPTY_5": "JakafHlzaeU-dWTgv7nQzp3",
    "__EMPTY_6": "JakafHlzaeU-cqr9Qz4S9ir",
    "__EMPTY_7": "JakafHlzaeU-d1ha3qv5NVz",
    "__EMPTY_8": "JakafHlzaeU-H8wShkXgdh5",
    "__EMPTY_9": "JakafHlzaeU-BH0lye2amGG"
  },
  {
    "__EMPTY": "ATA003",
    "__EMPTY_1": "Atazanavir+Ritonavir 300/100 mg tablet",
    "__EMPTY_10": "W2pJVWDz8oR-lNjhiBWostD",
    "__EMPTY_11": "W2pJVWDz8oR-gdfxU93ELmJ",
    "__EMPTY_12": "W2pJVWDz8oR-eJcatASNrDD",
    "__EMPTY_13": "W2pJVWDz8oR-X8TZ8BA9Q5w",
    "__EMPTY_14": "df9CwxSqSmz-f8tqseFk9CK",
    "__EMPTY_15": "W2pJVWDz8oR-qmKxrGMLfcL",
    "__EMPTY_16": "locDXFyVVxe-XxPpu51hMrn",
    "__EMPTY_2": 600,
    "__EMPTY_21": "W2pJVWDz8oR-UXUSOHc5zOq",
    "__EMPTY_22": "W2pJVWDz8oR-sUKxIAlbTae",
    "__EMPTY_23": "W2pJVWDz8oR-PRUXDoeBnuF",
    "__EMPTY_24": "W2pJVWDz8oR-twup75lNJpt",
    "__EMPTY_25": "W2pJVWDz8oR-CN2fhPx8zAL",
    "__EMPTY_26": "W2pJVWDz8oR-JiiluEpMlcp",
    "__EMPTY_27": "W2pJVWDz8oR-ahPxmw900L3",
    "__EMPTY_28": "W2pJVWDz8oR-VP94GszpMBM",
    "__EMPTY_29": "W2pJVWDz8oR-f1kqIsBp0Y5",
    "__EMPTY_3": "N/A",
    "__EMPTY_30": "W2pJVWDz8oR-fFivozbWLLH",
    "__EMPTY_31": "W2pJVWDz8oR-OBwuZ6rUKwU",
    "__EMPTY_4": "Pack",
    "__EMPTY_5": "W2pJVWDz8oR-dWTgv7nQzp3",
    "__EMPTY_6": "W2pJVWDz8oR-cqr9Qz4S9ir",
    "__EMPTY_7": "W2pJVWDz8oR-d1ha3qv5NVz",
    "__EMPTY_8": "W2pJVWDz8oR-H8wShkXgdh5",
    "__EMPTY_9": "W2pJVWDz8oR-BH0lye2amGG"
  },
  {
    "__EMPTY": "DAR003",
    "__EMPTY_1": "Darunavir 600mg F/C Tablets, 60's",
    "__EMPTY_10": "ybbsLvGCZYN-lNjhiBWostD",
    "__EMPTY_11": "ybbsLvGCZYN-gdfxU93ELmJ",
    "__EMPTY_12": "ybbsLvGCZYN-eJcatASNrDD",
    "__EMPTY_13": "ybbsLvGCZYN-X8TZ8BA9Q5w",
    "__EMPTY_14": "XqlI9duOWzG-f8tqseFk9CK",
    "__EMPTY_15": "ybbsLvGCZYN-qmKxrGMLfcL",
    "__EMPTY_16": "cguiN2ubBFc-XxPpu51hMrn",
    "__EMPTY_2": 600,
    "__EMPTY_21": "ybbsLvGCZYN-UXUSOHc5zOq",
    "__EMPTY_22": "ybbsLvGCZYN-sUKxIAlbTae",
    "__EMPTY_23": "ybbsLvGCZYN-PRUXDoeBnuF",
    "__EMPTY_24": "ybbsLvGCZYN-twup75lNJpt",
    "__EMPTY_25": "ybbsLvGCZYN-CN2fhPx8zAL",
    "__EMPTY_26": "ybbsLvGCZYN-JiiluEpMlcp",
    "__EMPTY_27": "ybbsLvGCZYN-ahPxmw900L3",
    "__EMPTY_28": "ybbsLvGCZYN-VP94GszpMBM",
    "__EMPTY_29": "ybbsLvGCZYN-f1kqIsBp0Y5",
    "__EMPTY_3": "V",
    "__EMPTY_30": "ybbsLvGCZYN-fFivozbWLLH",
    "__EMPTY_31": "ybbsLvGCZYN-OBwuZ6rUKwU",
    "__EMPTY_4": "Pack",
    "__EMPTY_5": "ybbsLvGCZYN-dWTgv7nQzp3",
    "__EMPTY_6": "ybbsLvGCZYN-cqr9Qz4S9ir",
    "__EMPTY_7": "ybbsLvGCZYN-d1ha3qv5NVz",
    "__EMPTY_8": "ybbsLvGCZYN-H8wShkXgdh5",
    "__EMPTY_9": "ybbsLvGCZYN-BH0lye2amGG"
  },
  {
    "__EMPTY": "LOP005",
    "__EMPTY_1": "Lopinavir + Ritonavir (100+25)Mg Tablets, 60's",
    "__EMPTY_10": "BQ65NIjGZ9E-lNjhiBWostD",
    "__EMPTY_11": "BQ65NIjGZ9E-gdfxU93ELmJ",
    "__EMPTY_12": "BQ65NIjGZ9E-eJcatASNrDD",
    "__EMPTY_13": "BQ65NIjGZ9E-X8TZ8BA9Q5w",
    "__EMPTY_14": "o8qz1MWhU15-f8tqseFk9CK",
    "__EMPTY_15": "BQ65NIjGZ9E-qmKxrGMLfcL",
    "__EMPTY_16": "hMPtibjqV6T-XxPpu51hMrn",
    "__EMPTY_2": 300,
    "__EMPTY_21": "BQ65NIjGZ9E-UXUSOHc5zOq",
    "__EMPTY_22": "BQ65NIjGZ9E-sUKxIAlbTae",
    "__EMPTY_23": "BQ65NIjGZ9E-PRUXDoeBnuF",
    "__EMPTY_24": "BQ65NIjGZ9E-twup75lNJpt",
    "__EMPTY_25": "BQ65NIjGZ9E-CN2fhPx8zAL",
    "__EMPTY_26": "BQ65NIjGZ9E-JiiluEpMlcp",
    "__EMPTY_27": "BQ65NIjGZ9E-ahPxmw900L3",
    "__EMPTY_28": "BQ65NIjGZ9E-VP94GszpMBM",
    "__EMPTY_29": "BQ65NIjGZ9E-f1kqIsBp0Y5",
    "__EMPTY_3": "E",
    "__EMPTY_30": "BQ65NIjGZ9E-fFivozbWLLH",
    "__EMPTY_31": "BQ65NIjGZ9E-OBwuZ6rUKwU",
    "__EMPTY_4": "Pack ",
    "__EMPTY_5": "BQ65NIjGZ9E-dWTgv7nQzp3",
    "__EMPTY_6": "BQ65NIjGZ9E-cqr9Qz4S9ir",
    "__EMPTY_7": "BQ65NIjGZ9E-d1ha3qv5NVz",
    "__EMPTY_8": "BQ65NIjGZ9E-H8wShkXgdh5",
    "__EMPTY_9": "BQ65NIjGZ9E-BH0lye2amGG"
  },
  {
    "__EMPTY": "RAL001",
    "__EMPTY_1": "Raltegravir 400mg Tablets, 60's",
    "__EMPTY_10": "w6MN7c0pLw8-lNjhiBWostD",
    "__EMPTY_11": "w6MN7c0pLw8-gdfxU93ELmJ",
    "__EMPTY_12": "w6MN7c0pLw8-eJcatASNrDD",
    "__EMPTY_13": "w6MN7c0pLw8-X8TZ8BA9Q5w",
    "__EMPTY_14": "SWxDw5P2J76-f8tqseFk9CK",
    "__EMPTY_15": "w6MN7c0pLw8-qmKxrGMLfcL",
    "__EMPTY_16": "Ewi2cjpBQuG-XxPpu51hMrn",
    "__EMPTY_2": 600,
    "__EMPTY_21": "w6MN7c0pLw8-UXUSOHc5zOq",
    "__EMPTY_22": "w6MN7c0pLw8-sUKxIAlbTae",
    "__EMPTY_23": "w6MN7c0pLw8-PRUXDoeBnuF",
    "__EMPTY_24": "w6MN7c0pLw8-twup75lNJpt",
    "__EMPTY_25": "w6MN7c0pLw8-CN2fhPx8zAL",
    "__EMPTY_26": "w6MN7c0pLw8-JiiluEpMlcp",
    "__EMPTY_27": "w6MN7c0pLw8-ahPxmw900L3",
    "__EMPTY_28": "w6MN7c0pLw8-VP94GszpMBM",
    "__EMPTY_29": "w6MN7c0pLw8-f1kqIsBp0Y5",
    "__EMPTY_3": "V",
    "__EMPTY_30": "w6MN7c0pLw8-fFivozbWLLH",
    "__EMPTY_31": "w6MN7c0pLw8-OBwuZ6rUKwU",
    "__EMPTY_4": "Pack ",
    "__EMPTY_5": "w6MN7c0pLw8-dWTgv7nQzp3",
    "__EMPTY_6": "w6MN7c0pLw8-cqr9Qz4S9ir",
    "__EMPTY_7": "w6MN7c0pLw8-d1ha3qv5NVz",
    "__EMPTY_8": "w6MN7c0pLw8-H8wShkXgdh5",
    "__EMPTY_9": "w6MN7c0pLw8-BH0lye2amGG"
  },
  {
    "__EMPTY": "RIT001",
    "__EMPTY_1": "Ritonavir 100mg Tablets, 60's",
    "__EMPTY_10": "aqD5GMBmvdQ-lNjhiBWostD",
    "__EMPTY_11": "aqD5GMBmvdQ-gdfxU93ELmJ",
    "__EMPTY_12": "aqD5GMBmvdQ-eJcatASNrDD",
    "__EMPTY_13": "aqD5GMBmvdQ-X8TZ8BA9Q5w",
    "__EMPTY_14": "aTmqBDQJBXE-f8tqseFk9CK",
    "__EMPTY_15": "aqD5GMBmvdQ-qmKxrGMLfcL",
    "__EMPTY_16": "GRBIgYJTg5T-XxPpu51hMrn",
    "__EMPTY_2": 300,
    "__EMPTY_21": "aqD5GMBmvdQ-UXUSOHc5zOq",
    "__EMPTY_22": "aqD5GMBmvdQ-sUKxIAlbTae",
    "__EMPTY_23": "aqD5GMBmvdQ-PRUXDoeBnuF",
    "__EMPTY_24": "aqD5GMBmvdQ-twup75lNJpt",
    "__EMPTY_25": "aqD5GMBmvdQ-CN2fhPx8zAL",
    "__EMPTY_26": "aqD5GMBmvdQ-JiiluEpMlcp",
    "__EMPTY_27": "aqD5GMBmvdQ-ahPxmw900L3",
    "__EMPTY_28": "aqD5GMBmvdQ-VP94GszpMBM",
    "__EMPTY_29": "aqD5GMBmvdQ-f1kqIsBp0Y5",
    "__EMPTY_3": "E",
    "__EMPTY_30": "aqD5GMBmvdQ-fFivozbWLLH",
    "__EMPTY_31": "aqD5GMBmvdQ-OBwuZ6rUKwU",
    "__EMPTY_4": "Pack ",
    "__EMPTY_5": "aqD5GMBmvdQ-dWTgv7nQzp3",
    "__EMPTY_6": "aqD5GMBmvdQ-cqr9Qz4S9ir",
    "__EMPTY_7": "aqD5GMBmvdQ-d1ha3qv5NVz",
    "__EMPTY_8": "aqD5GMBmvdQ-H8wShkXgdh5",
    "__EMPTY_9": "aqD5GMBmvdQ-BH0lye2amGG"
  },
  {
    "__EMPTY": "TEN003",
    "__EMPTY_1": "Tenofovir Disoproxil Fumerate 300mg Tablets, 30's",
    "__EMPTY_10": "Xo4LuTRwgC2-lNjhiBWostD",
    "__EMPTY_11": "Xo4LuTRwgC2-gdfxU93ELmJ",
    "__EMPTY_12": "Xo4LuTRwgC2-eJcatASNrDD",
    "__EMPTY_13": "Xo4LuTRwgC2-X8TZ8BA9Q5w",
    "__EMPTY_14": "ertkvjhwo5a-f8tqseFk9CK",
    "__EMPTY_15": "Xo4LuTRwgC2-qmKxrGMLfcL",
    "__EMPTY_16": "iaAfpThj7xo-XxPpu51hMrn",
    "__EMPTY_2": 300,
    "__EMPTY_21": "Xo4LuTRwgC2-UXUSOHc5zOq",
    "__EMPTY_22": "Xo4LuTRwgC2-sUKxIAlbTae",
    "__EMPTY_23": "Xo4LuTRwgC2-PRUXDoeBnuF",
    "__EMPTY_24": "Xo4LuTRwgC2-twup75lNJpt",
    "__EMPTY_25": "Xo4LuTRwgC2-CN2fhPx8zAL",
    "__EMPTY_26": "Xo4LuTRwgC2-JiiluEpMlcp",
    "__EMPTY_27": "Xo4LuTRwgC2-ahPxmw900L3",
    "__EMPTY_28": "Xo4LuTRwgC2-VP94GszpMBM",
    "__EMPTY_29": "Xo4LuTRwgC2-f1kqIsBp0Y5",
    "__EMPTY_3": "V",
    "__EMPTY_30": "Xo4LuTRwgC2-fFivozbWLLH",
    "__EMPTY_31": "Xo4LuTRwgC2-OBwuZ6rUKwU",
    "__EMPTY_4": "Pack",
    "__EMPTY_5": "Xo4LuTRwgC2-dWTgv7nQzp3",
    "__EMPTY_6": "Xo4LuTRwgC2-cqr9Qz4S9ir",
    "__EMPTY_7": "Xo4LuTRwgC2-d1ha3qv5NVz",
    "__EMPTY_8": "Xo4LuTRwgC2-H8wShkXgdh5",
    "__EMPTY_9": "Xo4LuTRwgC2-BH0lye2amGG"
  },
  {
    "__EMPTY": "ZID006",
    "__EMPTY_1": "Zidovudine 300mg Tablets, 60's",
    "__EMPTY_10": "nKhjV5jsXc4-lNjhiBWostD",
    "__EMPTY_11": "nKhjV5jsXc4-gdfxU93ELmJ",
    "__EMPTY_12": "nKhjV5jsXc4-eJcatASNrDD",
    "__EMPTY_13": "nKhjV5jsXc4-X8TZ8BA9Q5w",
    "__EMPTY_14": "MA2IadAokFE-f8tqseFk9CK",
    "__EMPTY_15": "nKhjV5jsXc4-qmKxrGMLfcL",
    "__EMPTY_16": "DjQZujFFki2-XxPpu51hMrn",
    "__EMPTY_2": 300,
    "__EMPTY_21": "nKhjV5jsXc4-UXUSOHc5zOq",
    "__EMPTY_22": "nKhjV5jsXc4-sUKxIAlbTae",
    "__EMPTY_23": "nKhjV5jsXc4-PRUXDoeBnuF",
    "__EMPTY_24": "nKhjV5jsXc4-twup75lNJpt",
    "__EMPTY_25": "nKhjV5jsXc4-CN2fhPx8zAL",
    "__EMPTY_26": "nKhjV5jsXc4-JiiluEpMlcp",
    "__EMPTY_27": "nKhjV5jsXc4-ahPxmw900L3",
    "__EMPTY_28": "nKhjV5jsXc4-VP94GszpMBM",
    "__EMPTY_29": "nKhjV5jsXc4-f1kqIsBp0Y5",
    "__EMPTY_3": "V",
    "__EMPTY_30": "nKhjV5jsXc4-fFivozbWLLH",
    "__EMPTY_31": "nKhjV5jsXc4-OBwuZ6rUKwU",
    "__EMPTY_4": "Pack ",
    "__EMPTY_5": "nKhjV5jsXc4-dWTgv7nQzp3",
    "__EMPTY_6": "nKhjV5jsXc4-cqr9Qz4S9ir",
    "__EMPTY_7": "nKhjV5jsXc4-d1ha3qv5NVz",
    "__EMPTY_8": "nKhjV5jsXc4-H8wShkXgdh5",
    "__EMPTY_9": "nKhjV5jsXc4-BH0lye2amGG"
  },
  {
    "__EMPTY": "ZID002",
    "__EMPTY_1": "Zidovudine/Lamivudine (30/60mg)",
    "__EMPTY_10": "l2fQXm7mu6p-lNjhiBWostD",
    "__EMPTY_11": "l2fQXm7mu6p-gdfxU93ELmJ",
    "__EMPTY_12": "l2fQXm7mu6p-eJcatASNrDD",
    "__EMPTY_13": "l2fQXm7mu6p-X8TZ8BA9Q5w",
    "__EMPTY_14": "k5wb2pIccpb-f8tqseFk9CK",
    "__EMPTY_15": "l2fQXm7mu6p-qmKxrGMLfcL",
    "__EMPTY_16": "DLQ53qsjBmG-XxPpu51hMrn",
    "__EMPTY_2": 300,
    "__EMPTY_21": "l2fQXm7mu6p-UXUSOHc5zOq",
    "__EMPTY_22": "l2fQXm7mu6p-sUKxIAlbTae",
    "__EMPTY_23": "l2fQXm7mu6p-PRUXDoeBnuF",
    "__EMPTY_24": "l2fQXm7mu6p-twup75lNJpt",
    "__EMPTY_25": "l2fQXm7mu6p-CN2fhPx8zAL",
    "__EMPTY_26": "l2fQXm7mu6p-JiiluEpMlcp",
    "__EMPTY_27": "l2fQXm7mu6p-ahPxmw900L3",
    "__EMPTY_28": "l2fQXm7mu6p-VP94GszpMBM",
    "__EMPTY_29": "l2fQXm7mu6p-f1kqIsBp0Y5",
    "__EMPTY_3": "V",
    "__EMPTY_30": "l2fQXm7mu6p-fFivozbWLLH",
    "__EMPTY_31": "l2fQXm7mu6p-OBwuZ6rUKwU",
    "__EMPTY_4": "Pack",
    "__EMPTY_5": "l2fQXm7mu6p-dWTgv7nQzp3",
    "__EMPTY_6": "l2fQXm7mu6p-cqr9Qz4S9ir",
    "__EMPTY_7": "l2fQXm7mu6p-d1ha3qv5NVz",
    "__EMPTY_8": "l2fQXm7mu6p-H8wShkXgdh5",
    "__EMPTY_9": "l2fQXm7mu6p-BH0lye2amGG"
  },
  {
    "__EMPTY": "ZID010",
    "__EMPTY_1": "Zidovudine/Lamivudine/Nevirapine (30/60/50mg)",
    "__EMPTY_10": "Zkq3mBOcUzY-lNjhiBWostD",
    "__EMPTY_11": "Zkq3mBOcUzY-gdfxU93ELmJ",
    "__EMPTY_12": "Zkq3mBOcUzY-eJcatASNrDD",
    "__EMPTY_13": "Zkq3mBOcUzY-X8TZ8BA9Q5w",
    "__EMPTY_14": "K3XuVxaABY2-f8tqseFk9CK",
    "__EMPTY_15": "Zkq3mBOcUzY-qmKxrGMLfcL",
    "__EMPTY_16": "wIEKxLyyupQ-XxPpu51hMrn",
    "__EMPTY_2": 300,
    "__EMPTY_21": "Zkq3mBOcUzY-UXUSOHc5zOq",
    "__EMPTY_22": "Zkq3mBOcUzY-sUKxIAlbTae",
    "__EMPTY_23": "Zkq3mBOcUzY-PRUXDoeBnuF",
    "__EMPTY_24": "Zkq3mBOcUzY-twup75lNJpt",
    "__EMPTY_25": "Zkq3mBOcUzY-CN2fhPx8zAL",
    "__EMPTY_26": "Zkq3mBOcUzY-JiiluEpMlcp",
    "__EMPTY_27": "Zkq3mBOcUzY-ahPxmw900L3",
    "__EMPTY_28": "Zkq3mBOcUzY-VP94GszpMBM",
    "__EMPTY_29": "Zkq3mBOcUzY-f1kqIsBp0Y5",
    "__EMPTY_3": "V",
    "__EMPTY_30": "Zkq3mBOcUzY-fFivozbWLLH",
    "__EMPTY_31": "Zkq3mBOcUzY-OBwuZ6rUKwU",
    "__EMPTY_4": "Pack",
    "__EMPTY_5": "Zkq3mBOcUzY-dWTgv7nQzp3",
    "__EMPTY_6": "Zkq3mBOcUzY-cqr9Qz4S9ir",
    "__EMPTY_7": "Zkq3mBOcUzY-d1ha3qv5NVz",
    "__EMPTY_8": "Zkq3mBOcUzY-H8wShkXgdh5",
    "__EMPTY_9": "Zkq3mBOcUzY-BH0lye2amGG"
  },
  {
    "__EMPTY": "ABA006",
    "__EMPTY_1": "Abacavir/Lamivudine 600mg/300mg tablets, 60's",
    "__EMPTY_10": "skPwt9S8Gru-lNjhiBWostD",
    "__EMPTY_11": "skPwt9S8Gru-gdfxU93ELmJ",
    "__EMPTY_12": "skPwt9S8Gru-eJcatASNrDD",
    "__EMPTY_13": "skPwt9S8Gru-X8TZ8BA9Q5w",
    "__EMPTY_14": "jOAE2UwvHag-f8tqseFk9CK",
    "__EMPTY_15": "skPwt9S8Gru-qmKxrGMLfcL",
    "__EMPTY_16": "y5zRFHJ2HuG-XxPpu51hMrn",
    "__EMPTY_2": 300,
    "__EMPTY_21": "skPwt9S8Gru-UXUSOHc5zOq",
    "__EMPTY_22": "skPwt9S8Gru-sUKxIAlbTae",
    "__EMPTY_23": "skPwt9S8Gru-PRUXDoeBnuF",
    "__EMPTY_24": "skPwt9S8Gru-twup75lNJpt",
    "__EMPTY_25": "skPwt9S8Gru-CN2fhPx8zAL",
    "__EMPTY_26": "skPwt9S8Gru-JiiluEpMlcp",
    "__EMPTY_27": "skPwt9S8Gru-ahPxmw900L3",
    "__EMPTY_28": "skPwt9S8Gru-VP94GszpMBM",
    "__EMPTY_29": "skPwt9S8Gru-f1kqIsBp0Y5",
    "__EMPTY_3": "V",
    "__EMPTY_30": "skPwt9S8Gru-fFivozbWLLH",
    "__EMPTY_31": "skPwt9S8Gru-OBwuZ6rUKwU",
    "__EMPTY_4": "Pack",
    "__EMPTY_5": "skPwt9S8Gru-dWTgv7nQzp3",
    "__EMPTY_6": "skPwt9S8Gru-cqr9Qz4S9ir",
    "__EMPTY_7": "skPwt9S8Gru-d1ha3qv5NVz",
    "__EMPTY_8": "skPwt9S8Gru-H8wShkXgdh5",
    "__EMPTY_9": "skPwt9S8Gru-BH0lye2amGG"
  },
  {
    "__EMPTY": "DOL003",
    "__EMPTY_1": "Dolutegravir 10mg dispersible tablets 30's",
    "__EMPTY_10": "bbkjTFnSSd7-lNjhiBWostD",
    "__EMPTY_11": "bbkjTFnSSd7-gdfxU93ELmJ",
    "__EMPTY_12": "bbkjTFnSSd7-eJcatASNrDD",
    "__EMPTY_13": "bbkjTFnSSd7-X8TZ8BA9Q5w",
    "__EMPTY_14": "FYvILQpFmUa-f8tqseFk9CK",
    "__EMPTY_15": "bbkjTFnSSd7-qmKxrGMLfcL",
    "__EMPTY_16": "tabDPHLdaxC-XxPpu51hMrn",
    "__EMPTY_2": 300,
    "__EMPTY_21": "bbkjTFnSSd7-UXUSOHc5zOq",
    "__EMPTY_22": "bbkjTFnSSd7-sUKxIAlbTae",
    "__EMPTY_23": "bbkjTFnSSd7-PRUXDoeBnuF",
    "__EMPTY_24": "bbkjTFnSSd7-twup75lNJpt",
    "__EMPTY_25": "bbkjTFnSSd7-CN2fhPx8zAL",
    "__EMPTY_26": "bbkjTFnSSd7-JiiluEpMlcp",
    "__EMPTY_27": "bbkjTFnSSd7-ahPxmw900L3",
    "__EMPTY_28": "bbkjTFnSSd7-VP94GszpMBM",
    "__EMPTY_29": "bbkjTFnSSd7-f1kqIsBp0Y5",
    "__EMPTY_3": "V",
    "__EMPTY_30": "bbkjTFnSSd7-fFivozbWLLH",
    "__EMPTY_31": "bbkjTFnSSd7-OBwuZ6rUKwU",
    "__EMPTY_4": "Pack",
    "__EMPTY_5": "bbkjTFnSSd7-dWTgv7nQzp3",
    "__EMPTY_6": "bbkjTFnSSd7-cqr9Qz4S9ir",
    "__EMPTY_7": "bbkjTFnSSd7-d1ha3qv5NVz",
    "__EMPTY_8": "bbkjTFnSSd7-H8wShkXgdh5",
    "__EMPTY_9": "bbkjTFnSSd7-BH0lye2amGG"
  },
  {
    "__EMPTY": "DOL005",
    "__EMPTY_1": "Dolutegravir/ Rilpivirine 50mg/25mg tablets 30's",
    "__EMPTY_10": "K2kxRfbcIeP-lNjhiBWostD",
    "__EMPTY_11": "K2kxRfbcIeP-gdfxU93ELmJ",
    "__EMPTY_12": "K2kxRfbcIeP-eJcatASNrDD",
    "__EMPTY_13": "K2kxRfbcIeP-X8TZ8BA9Q5w",
    "__EMPTY_14": "i4gwk7qX5Vm-f8tqseFk9CK",
    "__EMPTY_15": "K2kxRfbcIeP-qmKxrGMLfcL",
    "__EMPTY_16": "iUzDddziSII-XxPpu51hMrn",
    "__EMPTY_2": 300,
    "__EMPTY_21": "K2kxRfbcIeP-UXUSOHc5zOq",
    "__EMPTY_22": "K2kxRfbcIeP-sUKxIAlbTae",
    "__EMPTY_23": "K2kxRfbcIeP-PRUXDoeBnuF",
    "__EMPTY_24": "K2kxRfbcIeP-twup75lNJpt",
    "__EMPTY_25": "K2kxRfbcIeP-CN2fhPx8zAL",
    "__EMPTY_26": "K2kxRfbcIeP-JiiluEpMlcp",
    "__EMPTY_27": "K2kxRfbcIeP-ahPxmw900L3",
    "__EMPTY_28": "K2kxRfbcIeP-VP94GszpMBM",
    "__EMPTY_29": "K2kxRfbcIeP-f1kqIsBp0Y5",
    "__EMPTY_3": "V",
    "__EMPTY_30": "K2kxRfbcIeP-fFivozbWLLH",
    "__EMPTY_31": "K2kxRfbcIeP-OBwuZ6rUKwU",
    "__EMPTY_4": "Pack",
    "__EMPTY_5": "K2kxRfbcIeP-dWTgv7nQzp3",
    "__EMPTY_6": "K2kxRfbcIeP-cqr9Qz4S9ir",
    "__EMPTY_7": "K2kxRfbcIeP-d1ha3qv5NVz",
    "__EMPTY_8": "K2kxRfbcIeP-H8wShkXgdh5",
    "__EMPTY_9": "K2kxRfbcIeP-BH0lye2amGG"
  },
  {
    "__EMPTY": "LOP006",
    "__EMPTY_1": "Lopinavir + Ritonavir (40+10) mg granules 120's",
    "__EMPTY_10": "xOVsALlCeiJ-lNjhiBWostD",
    "__EMPTY_11": "xOVsALlCeiJ-gdfxU93ELmJ",
    "__EMPTY_12": "xOVsALlCeiJ-eJcatASNrDD",
    "__EMPTY_13": "xOVsALlCeiJ-X8TZ8BA9Q5w",
    "__EMPTY_14": "extJDPgmcEq-f8tqseFk9CK",
    "__EMPTY_15": "xOVsALlCeiJ-qmKxrGMLfcL",
    "__EMPTY_16": "EZdTmm8wlim-XxPpu51hMrn",
    "__EMPTY_2": 300,
    "__EMPTY_21": "xOVsALlCeiJ-UXUSOHc5zOq",
    "__EMPTY_22": "xOVsALlCeiJ-sUKxIAlbTae",
    "__EMPTY_23": "xOVsALlCeiJ-PRUXDoeBnuF",
    "__EMPTY_24": "xOVsALlCeiJ-twup75lNJpt",
    "__EMPTY_25": "xOVsALlCeiJ-CN2fhPx8zAL",
    "__EMPTY_26": "xOVsALlCeiJ-JiiluEpMlcp",
    "__EMPTY_27": "xOVsALlCeiJ-ahPxmw900L3",
    "__EMPTY_28": "xOVsALlCeiJ-VP94GszpMBM",
    "__EMPTY_29": "xOVsALlCeiJ-f1kqIsBp0Y5",
    "__EMPTY_3": "V",
    "__EMPTY_30": "xOVsALlCeiJ-fFivozbWLLH",
    "__EMPTY_31": "xOVsALlCeiJ-OBwuZ6rUKwU",
    "__EMPTY_4": "Pack",
    "__EMPTY_5": "xOVsALlCeiJ-dWTgv7nQzp3",
    "__EMPTY_6": "xOVsALlCeiJ-cqr9Qz4S9ir",
    "__EMPTY_7": "xOVsALlCeiJ-d1ha3qv5NVz",
    "__EMPTY_8": "xOVsALlCeiJ-H8wShkXgdh5",
    "__EMPTY_9": "xOVsALlCeiJ-BH0lye2amGG"
  },
  {
    "__EMPTY": "RIL002",
    "__EMPTY_1": "Rilpivirine 25mg tablets 30's",
    "__EMPTY_10": "F6z1tHSn6AD-lNjhiBWostD",
    "__EMPTY_11": "F6z1tHSn6AD-gdfxU93ELmJ",
    "__EMPTY_12": "F6z1tHSn6AD-eJcatASNrDD",
    "__EMPTY_13": "F6z1tHSn6AD-X8TZ8BA9Q5w",
    "__EMPTY_14": "jH045IK1lSF-f8tqseFk9CK",
    "__EMPTY_15": "F6z1tHSn6AD-qmKxrGMLfcL",
    "__EMPTY_16": "QsB29q81r2z-XxPpu51hMrn",
    "__EMPTY_2": 300,
    "__EMPTY_21": "F6z1tHSn6AD-UXUSOHc5zOq",
    "__EMPTY_22": "F6z1tHSn6AD-sUKxIAlbTae",
    "__EMPTY_23": "F6z1tHSn6AD-PRUXDoeBnuF",
    "__EMPTY_24": "F6z1tHSn6AD-twup75lNJpt",
    "__EMPTY_25": "F6z1tHSn6AD-CN2fhPx8zAL",
    "__EMPTY_26": "F6z1tHSn6AD-JiiluEpMlcp",
    "__EMPTY_27": "F6z1tHSn6AD-ahPxmw900L3",
    "__EMPTY_28": "F6z1tHSn6AD-VP94GszpMBM",
    "__EMPTY_29": "F6z1tHSn6AD-f1kqIsBp0Y5",
    "__EMPTY_3": "V",
    "__EMPTY_30": "F6z1tHSn6AD-fFivozbWLLH",
    "__EMPTY_31": "F6z1tHSn6AD-OBwuZ6rUKwU",
    "__EMPTY_4": "Pack",
    "__EMPTY_5": "F6z1tHSn6AD-dWTgv7nQzp3",
    "__EMPTY_6": "F6z1tHSn6AD-cqr9Qz4S9ir",
    "__EMPTY_7": "F6z1tHSn6AD-d1ha3qv5NVz",
    "__EMPTY_8": "F6z1tHSn6AD-H8wShkXgdh5",
    "__EMPTY_9": "F6z1tHSn6AD-BH0lye2amGG"
  }
]