[
  {
    "EquipisFunctional": "Q6BGsOzUqxw",
    "EquipisNoneFunctional": "BD4fJTOIM6G",
    "Equipment": "Beckman Coulter Act 5 Diff",
    "LastServiceDate": "z2xPduWOfVG",
    "NextService": "pMhKpVi7ogL",
    "NoOfDaysEquipNotFunctioning": "N6nGoJwrm6h",
    "SerialNo": "soM2DEBhtQN",
    "UID": "KlWvZnPgyTd"
  },
  {
    "EquipisFunctional": "cNmu5c0Wb05",
    "EquipisNoneFunctional": "oLGfJEu6tEo",
    "Equipment": "Sysmex XT/XS/XE",
    "LastServiceDate": "j4YYosSvdmU",
    "NextService": "Q356WDZpRhM",
    "NoOfDaysEquipNotFunctioning": "Rkv8IZCgcIx",
    "SerialNo": "z4fzNYemkmn",
    "UID": "JpBTE0FSexG"
  },
  {
    "EquipisFunctional": "AeVXBFhR4Yr",
    "EquipisNoneFunctional": "Z57WDXADEjz",
    "Equipment": "Cobas Taqman 48",
    "LastServiceDate": "ftrzqF7uIae",
    "NextService": "Q4ONvGdjKKO",
    "NoOfDaysEquipNotFunctioning": "z23xmNMx6Sr",
    "SerialNo": "YvHWxh3a0fq",
    "UID": "A2U1H5DuBAI"
  },
  {
    "EquipisFunctional": "cwY0qM4sogj",
    "EquipisNoneFunctional": "xHoQpcJfXYE",
    "Equipment": "BD FACS CALIBUR",
    "LastServiceDate": "KwB2ZdnRHV9",
    "NextService": "Yr9isCyVuNE",
    "NoOfDaysEquipNotFunctioning": "B1qWBVFs113",
    "SerialNo": "sllT00WAfDR",
    "UID": "jzOezWagf1P"
  },
  {
    "EquipisFunctional": "FwsslXQV6fP",
    "EquipisNoneFunctional": "LSOJF4fTlsX",
    "Equipment": "Beckman Coulter AU480/680",
    "LastServiceDate": "DWcmxcIUNO3",
    "NextService": "uRbU58oR9pu",
    "NoOfDaysEquipNotFunctioning": "OF9p8N3z5QJ",
    "SerialNo": "zTxdhPXUsNV",
    "UID": "IWpgtPeUL97"
  },
  {
    "EquipisFunctional": "SZFJkIvvlgQ",
    "EquipisNoneFunctional": "z4jbkXjebzr",
    "Equipment": "Cobas Integra 400",
    "LastServiceDate": "td2WRr7DBpd",
    "NextService": "IiILnFQfteG",
    "NoOfDaysEquipNotFunctioning": "mQl88FVX6nA",
    "SerialNo": "fXBilEu19SI",
    "UID": "msXEqCp5sQe"
  },
  {
    "EquipisFunctional": "hIA6CvdanPm",
    "EquipisNoneFunctional": "UiHgyLzYX7D",
    "Equipment": "HOLOGIC PANTHER",
    "LastServiceDate": "sFathx4yh9A",
    "NextService": "S8zGgnK5xv9",
    "NoOfDaysEquipNotFunctioning": "fYupGyFDXCq",
    "SerialNo": "Hrv56h83jCP",
    "UID": "oHys9pKDoUT"
  },
  {
    "EquipisFunctional": "S1RsG5dJzRj",
    "EquipisNoneFunctional": "GX114VPDGTq",
    "Equipment": "BBL MGIT 960",
    "LastServiceDate": "Ktx8k406C0e",
    "NextService": "iQzkCiz8zS8",
    "NoOfDaysEquipNotFunctioning": "hKgMxaEZyRY",
    "SerialNo": "ZBwDhF1Qoqx",
    "UID": "N4Kq8sieGwW"
  },
  {
    "EquipisFunctional": "lLcTIyXh8qX",
    "EquipisNoneFunctional": "quNu23P7qq2",
    "Equipment": "BD FACS COUNT",
    "LastServiceDate": "q6rQNVeW4df",
    "NextService": "VTWSut5kANl",
    "NoOfDaysEquipNotFunctioning": "b5PN0zPnWx1",
    "SerialNo": "cjOA8WDbaUH",
    "UID": "ysAlm8DODXQ"
  },
  {
    "EquipisFunctional": "twsREAiVVOX",
    "EquipisNoneFunctional": "J3EtLHsOujF",
    "Equipment": "BD FACS VIA",
    "LastServiceDate": "Z9JS93bU87i",
    "NextService": "pATLUHS5nnW",
    "NoOfDaysEquipNotFunctioning": "tZaa2XUMEyN",
    "SerialNo": "t1nzYG5qEhY",
    "UID": "mwrEzrIpFRo"
  },
  {
    "EquipisFunctional": "CPYZzy72GUu",
    "EquipisNoneFunctional": "iIAb0rarT0m",
    "Equipment": "Beckman Coulter Aquios",
    "LastServiceDate": "og9OCZbP7Lg",
    "NextService": "bF9q8bICveb",
    "NoOfDaysEquipNotFunctioning": "GIqKlyTLODG",
    "SerialNo": "YTt2ULvpekp",
    "UID": "lDlk6JnyFNH"
  },
  {
    "EquipisFunctional": "oz7HA07hfgZ",
    "EquipisNoneFunctional": "IIkawCILD0V",
    "Equipment": "Beckman Coulter AU480",
    "LastServiceDate": "LhQuT8KoOF5",
    "NextService": "cSNrly6vKhM",
    "NoOfDaysEquipNotFunctioning": "DQ7sYXN3qzS",
    "SerialNo": "sKBZBdDNlYA",
    "UID": "Bw21OBRdj3Q"
  },
  {
    "EquipisFunctional": "AU3kNmk4xPz",
    "EquipisNoneFunctional": "mdnKeY2PfgR",
    "Equipment": "Beckman Coulter AU680",
    "LastServiceDate": "ZgR8czK6PqI",
    "NextService": "Fd5tTHBNzKT",
    "NoOfDaysEquipNotFunctioning": "DnbS2Frno73",
    "SerialNo": "L34IDNnHUO4",
    "UID": "yZhDJlkxGTu"
  },
  {
    "EquipisFunctional": "iK1LlwHODHo",
    "EquipisNoneFunctional": "ZRVEN0j7GTX",
    "Equipment": "Bio meriux (Easy mag/Easy Q)Nuclisens Viral Load",
    "LastServiceDate": "i5AA0f3pLbE",
    "NextService": "D8sOHkptWVo",
    "NoOfDaysEquipNotFunctioning": "rpRH2AgaLls",
    "SerialNo": "evEmcrMKbYK",
    "UID": "zsDyLih5cKd"
  },
  {
    "EquipisFunctional": "C9zJ3x5PFyK",
    "EquipisNoneFunctional": "BAmQrmTh8Y0",
    "Equipment": "CA 50",
    "LastServiceDate": "i8hoaEmzLv1",
    "NextService": "iB0kjKxDito",
    "NoOfDaysEquipNotFunctioning": "woVzkdPJ6JN",
    "SerialNo": "r0GmSbDBo3F",
    "UID": "wOCIfJNdaO0"
  },
  {
    "EquipisFunctional": "tvkBRrYOYYl",
    "EquipisNoneFunctional": "zY9TZMbCgdR",
    "Equipment": "Cobas B221 Blood Gas Analyzer",
    "LastServiceDate": "Jv9PSNNfRIh",
    "NextService": "cVyEgNhFyC0",
    "NoOfDaysEquipNotFunctioning": "Goav5GkxdcC",
    "SerialNo": "yEsKPNs2eMN",
    "UID": "OriNnLQ02S3"
  },
  {
    "EquipisFunctional": "oN6GVqjaOxv",
    "EquipisNoneFunctional": "e6firBJxlh6",
    "Equipment": "COBAS C111",
    "LastServiceDate": "l5BlSYsFifV",
    "NextService": "V8beYI6iF0D",
    "NoOfDaysEquipNotFunctioning": "WsEYPw3oLw6",
    "SerialNo": "D05vhTwgw72",
    "UID": "AYqr5r0DCHK"
  },
  {
    "EquipisFunctional": "Ten1ZJCYSvS",
    "EquipisNoneFunctional": "VKdMlOuJwtv",
    "Equipment": "Cobas C311",
    "LastServiceDate": "mYAhCUlbREJ",
    "NextService": "W5Io1JB2zgZ",
    "NoOfDaysEquipNotFunctioning": "QwYJbnYHgYy",
    "SerialNo": "dQ4upv36FnU",
    "UID": "bMm2EHVVlDk"
  },
  {
    "EquipisFunctional": "EO1XtoTshe3",
    "EquipisNoneFunctional": "kgg4XyIaS2Q",
    "Equipment": "Cobas Taqman 96",
    "LastServiceDate": "snlTcI3yTbm",
    "NextService": "WqskZuL6SyP",
    "NoOfDaysEquipNotFunctioning": "K2xWf1QqBpy",
    "SerialNo": "a13agikmuWb",
    "UID": "gmIHAo03zgk"
  },
  {
    "EquipisFunctional": "lEzenxcU6H0",
    "EquipisNoneFunctional": "pN55CoOvccG",
    "Equipment": "FACS VIA",
    "LastServiceDate": "tl0Tm3fhPXZ",
    "NextService": "E2HwQwMmmYj",
    "NoOfDaysEquipNotFunctioning": "Shk91zq6IAJ",
    "SerialNo": "PXjLJKIyHel",
    "UID": "Uqvyfk0ZDAn"
  },
  {
    "EquipisFunctional": "CXb0b6oxV36",
    "EquipisNoneFunctional": "UPFsXFPInLY",
    "Equipment": "Gene Xpert",
    "LastServiceDate": "yyGwX6ars0d",
    "NextService": "bA2GZ3zBlKa",
    "NoOfDaysEquipNotFunctioning": "orXF1zma59r",
    "SerialNo": "eHJCCiJTpaS",
    "UID": "Y05tTcUV0Dk"
  },
  {
    "EquipisFunctional": "OMEgV1C55sA",
    "EquipisNoneFunctional": "F7dwolz90H9",
    "Equipment": "Genetic Anaylzer ABI 3130 XL",
    "LastServiceDate": "wqOrMkoldcz",
    "NextService": "jJ4p1vsR63r",
    "NoOfDaysEquipNotFunctioning": "fyBovo9qOYR",
    "SerialNo": "XW7FMmMlzgd",
    "UID": "qtEl2ISCBHq"
  },
  {
    "EquipisFunctional": "G3nrFTTTiVO",
    "EquipisNoneFunctional": "HEY5zio93JJ",
    "Equipment": "ILab 300 Series",
    "LastServiceDate": "bGG8jyBwQs6",
    "NextService": "aF0BqWwznLT",
    "NoOfDaysEquipNotFunctioning": "fqoQjPUU4dE",
    "SerialNo": "wHTWitXjRYz",
    "UID": "miFwP5gnYDg"
  },
  {
    "EquipisFunctional": "jJS8xUQtr1B",
    "EquipisNoneFunctional": "CGAjCgFGiI5",
    "Equipment": "ILab Aries Series",
    "LastServiceDate": "XTnFPNGmpbK",
    "NextService": "dMSlKDYCrpr",
    "NoOfDaysEquipNotFunctioning": "kjb1O3nEmC3",
    "SerialNo": "nGsgIJRQUqo",
    "UID": "wID0WhKhB7R"
  },
  {
    "EquipisFunctional": "wSw2RyQrfKR",
    "EquipisNoneFunctional": "lhZ1ls0UhhW",
    "Equipment": "Manual",
    "LastServiceDate": "dvCh6WfCo6L",
    "NextService": "eyrrUFTAjn8",
    "NoOfDaysEquipNotFunctioning": "YK2e4u71JOW",
    "SerialNo": "KcfiUuI9QC1",
    "UID": "cFfdYrM4TqW"
  },
  {
    "EquipisFunctional": "Skq2q4CW3fI",
    "EquipisNoneFunctional": "ajleA7eeunj",
    "Equipment": "PCR READER",
    "LastServiceDate": "z8KRsWUbbFr",
    "NextService": "DiRmTU6RauR",
    "NoOfDaysEquipNotFunctioning": "fSKMI64ggVP",
    "SerialNo": "fTibs9DBrv6",
    "UID": "bfoBdFx5jrc"
  },
  {
    "EquipisFunctional": "Ybxp0oF40vo",
    "EquipisNoneFunctional": "oDniIfbmY4D",
    "Equipment": "PROCLEIX NAT",
    "LastServiceDate": "U4g0fITaoce",
    "NextService": "KWXbY2REz8t",
    "NoOfDaysEquipNotFunctioning": "CE1BAkP4ty0",
    "SerialNo": "fAm8CsxywK8",
    "UID": "IBMYgsNMvDh"
  },
  {
    "EquipisFunctional": "nTrOwN0PDnO",
    "EquipisNoneFunctional": "ciKz6fD3FGo",
    "Equipment": "Roche e411",
    "LastServiceDate": "uH5Lzpr0tfX",
    "NextService": "c4OUVcclT5W",
    "NoOfDaysEquipNotFunctioning": "MwoPrjEMIx1",
    "SerialNo": "xmSwWtR6qbe",
    "UID": "ZMikj5CH7zG"
  },
  {
    "EquipisFunctional": "lFQ0sVAST42",
    "EquipisNoneFunctional": "BCaNTr3IWz0",
    "Equipment": "STA Compact Analyser",
    "LastServiceDate": "yhBUXTJUZof",
    "NextService": "ZW55seFpd71",
    "NoOfDaysEquipNotFunctioning": "GYthrmxLKfk",
    "SerialNo": "X04udkiy6uD",
    "UID": "v1osG4ik5pN"
  },
  {
    "EquipisFunctional": "CapRi54G5oo",
    "EquipisNoneFunctional": "OzE6MVgrjBe",
    "Equipment": "Sysmex CS - 2100i",
    "LastServiceDate": "X4vDNBa2GMx",
    "NextService": "gBwvlTopPEy",
    "NoOfDaysEquipNotFunctioning": "uXdqR6NOP7H",
    "SerialNo": "nFoDnfIugxV",
    "UID": "KYZdH9kgtgF"
  },
  {
    "EquipisFunctional": "fCnnm7gjH2X",
    "EquipisNoneFunctional": "oez4RNn5hFJ",
    "Equipment": "VITROS 350",
    "LastServiceDate": "RBFyI1A9DPi",
    "NextService": "P0Eev3uNyPj",
    "NoOfDaysEquipNotFunctioning": "cqoH5ez7uoY",
    "SerialNo": "u0EGdIXu5bK",
    "UID": "LhULO87LbVC"
  },
  {
    "EquipisFunctional": "Uhm4uDdF1kF",
    "EquipisNoneFunctional": "GX11GEVYwhG",
    "Equipment": "Beckman Coulter DXI 600",
    "LastServiceDate": "lVAJMZCZ87p",
    "NextService": "D9NOZDKLMdb",
    "NoOfDaysEquipNotFunctioning": "skVPd6ajgzw",
    "SerialNo": "wPnF4qkQtj5",
    "UID": "wU0QuxxekeF"
  },
  {
    "EquipisFunctional": "sPaM7J4BvrH",
    "EquipisNoneFunctional": "SrILnuUOTYC",
    "Equipment": "Sysmex XN-1000/2000",
    "LastServiceDate": "an4soWTrC6K",
    "NextService": "gNqnYUbZv7O",
    "NoOfDaysEquipNotFunctioning": "K02xDp0qMph",
    "SerialNo": "sQBHqSieotu",
    "UID": "Ry7C0e9tuY4"
  }
]