[
  {
    "Product Code": "LAM001",
    "Product Description": "Lamivudine 10 mg/mL Solution w/ Syringe  240 mL",
    "Supply Plan parameters": "Opening Balance",
    "UID": "mJEjyCuq7DY-gUvlgX4xtgq"
  },
  {
    "Product Code": "LAM001",
    "Product Description": "Lamivudine 10 mg/mL Solution w/ Syringe  240 mL",
    "Supply Plan parameters": "Forecast/Consumption",
    "UID": "mJEjyCuq7DY-zdAyvy0AJnB"
  },
  {
    "Product Code": "LAM001",
    "Product Description": "Lamivudine 10 mg/mL Solution w/ Syringe  240 mL",
    "Supply Plan parameters": "Shipments",
    "UID": "mJEjyCuq7DY-cvg3VlSg0J9"
  },
  {
    "Product Code": "LAM001",
    "Product Description": "Lamivudine 10 mg/mL Solution w/ Syringe  240 mL",
    "Supply Plan parameters": "     Received",
    "UID": "mJEjyCuq7DY-NRZAX8dQ2sS"
  },
  {
    "Product Code": "LAM001",
    "Product Description": "Lamivudine 10 mg/mL Solution w/ Syringe  240 mL",
    "Supply Plan parameters": "     Shipped/Arrived",
    "UID": "mJEjyCuq7DY-MChp1tJXS2n"
  },
  {
    "Product Code": "LAM001",
    "Product Description": "Lamivudine 10 mg/mL Solution w/ Syringe  240 mL",
    "Supply Plan parameters": "     Ordered",
    "UID": "mJEjyCuq7DY-oDDu2jaOVDv"
  },
  {
    "Product Code": "LAM001",
    "Product Description": "Lamivudine 10 mg/mL Solution w/ Syringe  240 mL",
    "Supply Plan parameters": "     Planned  ",
    "UID": "mJEjyCuq7DY-hn6fx8ns806"
  },
  {
    "Product Code": "LAM001",
    "Product Description": "Lamivudine 10 mg/mL Solution w/ Syringe  240 mL",
    "Supply Plan parameters": "Adjustments",
    "UID": "mJEjyCuq7DY-h21Lrr0R67C"
  },
  {
    "Product Code": "LAM001",
    "Product Description": "Lamivudine 10 mg/mL Solution w/ Syringe  240 mL",
    "Supply Plan parameters": "Ending Balance",
    "UID": "mJEjyCuq7DY-XvONJ2jT3zu"
  },
  {
    "Product Code": "LAM001",
    "Product Description": "Lamivudine 10 mg/mL Solution w/ Syringe  240 mL",
    "Supply Plan parameters": "Months of Stock",
    "UID": "mJEjyCuq7DY-rOYLtHNXyxW"
  },
  {
    "Product Code": "LAM001",
    "Product Description": "Lamivudine 10 mg/mL Solution w/ Syringe  240 mL",
    "Supply Plan parameters": "AMC",
    "UID": "mJEjyCuq7DY-BCwpBiEZqYz"
  },
  {
    "Product Code": "ABA002",
    "Product Description": "Abacavir 300 mg Tablet  60 Tablets",
    "Supply Plan parameters": "Opening Balance",
    "UID": "pA6CFxovxdh-gUvlgX4xtgq"
  },
  {
    "Product Code": "ABA002",
    "Product Description": "Abacavir 300 mg Tablet  60 Tablets",
    "Supply Plan parameters": "Forecast/Consumption",
    "UID": "pA6CFxovxdh-zdAyvy0AJnB"
  },
  {
    "Product Code": "ABA002",
    "Product Description": "Abacavir 300 mg Tablet  60 Tablets",
    "Supply Plan parameters": "Shipments",
    "UID": "pA6CFxovxdh-cvg3VlSg0J9"
  },
  {
    "Product Code": "ABA002",
    "Product Description": "Abacavir 300 mg Tablet  60 Tablets",
    "Supply Plan parameters": "     Received",
    "UID": "pA6CFxovxdh-NRZAX8dQ2sS"
  },
  {
    "Product Code": "ABA002",
    "Product Description": "Abacavir 300 mg Tablet  60 Tablets",
    "Supply Plan parameters": "     Shipped/Arrived",
    "UID": "pA6CFxovxdh-MChp1tJXS2n"
  },
  {
    "Product Code": "ABA002",
    "Product Description": "Abacavir 300 mg Tablet  60 Tablets",
    "Supply Plan parameters": "     Ordered",
    "UID": "pA6CFxovxdh-oDDu2jaOVDv"
  },
  {
    "Product Code": "ABA002",
    "Product Description": "Abacavir 300 mg Tablet  60 Tablets",
    "Supply Plan parameters": "     Planned  ",
    "UID": "pA6CFxovxdh-hn6fx8ns806"
  },
  {
    "Product Code": "ABA002",
    "Product Description": "Abacavir 300 mg Tablet  60 Tablets",
    "Supply Plan parameters": "Adjustments",
    "UID": "pA6CFxovxdh-h21Lrr0R67C"
  },
  {
    "Product Code": "ABA002",
    "Product Description": "Abacavir 300 mg Tablet  60 Tablets",
    "Supply Plan parameters": "Ending Balance",
    "UID": "pA6CFxovxdh-XvONJ2jT3zu"
  },
  {
    "Product Code": "ABA002",
    "Product Description": "Abacavir 300 mg Tablet  60 Tablets",
    "Supply Plan parameters": "Months of Stock",
    "UID": "pA6CFxovxdh-rOYLtHNXyxW"
  },
  {
    "Product Code": "ABA002",
    "Product Description": "Abacavir 300 mg Tablet  60 Tablets",
    "Supply Plan parameters": "AMC",
    "UID": "pA6CFxovxdh-BCwpBiEZqYz"
  },
  {
    "Product Code": "ABA005",
    "Product Description": "Abacavir/Lamivudine 120/60 mg Scored Dispersible Tablet  30 Tablets",
    "Supply Plan parameters": "Opening Balance",
    "UID": "Ey1pVNDKtEV-gUvlgX4xtgq"
  },
  {
    "Product Code": "ABA005",
    "Product Description": "Abacavir/Lamivudine 120/60 mg Scored Dispersible Tablet  30 Tablets",
    "Supply Plan parameters": "Forecast/Consumption",
    "UID": "Ey1pVNDKtEV-zdAyvy0AJnB"
  },
  {
    "Product Code": "ABA005",
    "Product Description": "Abacavir/Lamivudine 120/60 mg Scored Dispersible Tablet  30 Tablets",
    "Supply Plan parameters": "Shipments",
    "UID": "Ey1pVNDKtEV-cvg3VlSg0J9"
  },
  {
    "Product Code": "ABA005",
    "Product Description": "Abacavir/Lamivudine 120/60 mg Scored Dispersible Tablet  30 Tablets",
    "Supply Plan parameters": "     Received",
    "UID": "Ey1pVNDKtEV-NRZAX8dQ2sS"
  },
  {
    "Product Code": "ABA005",
    "Product Description": "Abacavir/Lamivudine 120/60 mg Scored Dispersible Tablet  30 Tablets",
    "Supply Plan parameters": "     Shipped/Arrived",
    "UID": "Ey1pVNDKtEV-MChp1tJXS2n"
  },
  {
    "Product Code": "ABA005",
    "Product Description": "Abacavir/Lamivudine 120/60 mg Scored Dispersible Tablet  30 Tablets",
    "Supply Plan parameters": "     Ordered",
    "UID": "Ey1pVNDKtEV-oDDu2jaOVDv"
  },
  {
    "Product Code": "ABA005",
    "Product Description": "Abacavir/Lamivudine 120/60 mg Scored Dispersible Tablet  30 Tablets",
    "Supply Plan parameters": "     Planned  ",
    "UID": "Ey1pVNDKtEV-hn6fx8ns806"
  },
  {
    "Product Code": "ABA005",
    "Product Description": "Abacavir/Lamivudine 120/60 mg Scored Dispersible Tablet  30 Tablets",
    "Supply Plan parameters": "Adjustments",
    "UID": "Ey1pVNDKtEV-h21Lrr0R67C"
  },
  {
    "Product Code": "ABA005",
    "Product Description": "Abacavir/Lamivudine 120/60 mg Scored Dispersible Tablet  30 Tablets",
    "Supply Plan parameters": "Ending Balance",
    "UID": "Ey1pVNDKtEV-XvONJ2jT3zu"
  },
  {
    "Product Code": "ABA005",
    "Product Description": "Abacavir/Lamivudine 120/60 mg Scored Dispersible Tablet  30 Tablets",
    "Supply Plan parameters": "Months of Stock",
    "UID": "Ey1pVNDKtEV-rOYLtHNXyxW"
  },
  {
    "Product Code": "ABA005",
    "Product Description": "Abacavir/Lamivudine 120/60 mg Scored Dispersible Tablet  30 Tablets",
    "Supply Plan parameters": "AMC",
    "UID": "Ey1pVNDKtEV-BCwpBiEZqYz"
  },
  {
    "Product Code": "ATA003",
    "Product Description": "Atazanavir/Ritonavir 300/100 mg Tablet  30 Tablets",
    "Supply Plan parameters": "Opening Balance",
    "UID": "W2pJVWDz8oR-gUvlgX4xtgq"
  },
  {
    "Product Code": "ATA003",
    "Product Description": "Atazanavir/Ritonavir 300/100 mg Tablet  30 Tablets",
    "Supply Plan parameters": "Forecast/Consumption",
    "UID": "W2pJVWDz8oR-zdAyvy0AJnB"
  },
  {
    "Product Code": "ATA003",
    "Product Description": "Atazanavir/Ritonavir 300/100 mg Tablet  30 Tablets",
    "Supply Plan parameters": "Shipments",
    "UID": "W2pJVWDz8oR-cvg3VlSg0J9"
  },
  {
    "Product Code": "ATA003",
    "Product Description": "Atazanavir/Ritonavir 300/100 mg Tablet  30 Tablets",
    "Supply Plan parameters": "     Received",
    "UID": "W2pJVWDz8oR-NRZAX8dQ2sS"
  },
  {
    "Product Code": "ATA003",
    "Product Description": "Atazanavir/Ritonavir 300/100 mg Tablet  30 Tablets",
    "Supply Plan parameters": "     Shipped/Arrived",
    "UID": "W2pJVWDz8oR-MChp1tJXS2n"
  },
  {
    "Product Code": "ATA003",
    "Product Description": "Atazanavir/Ritonavir 300/100 mg Tablet  30 Tablets",
    "Supply Plan parameters": "     Ordered",
    "UID": "W2pJVWDz8oR-oDDu2jaOVDv"
  },
  {
    "Product Code": "ATA003",
    "Product Description": "Atazanavir/Ritonavir 300/100 mg Tablet  30 Tablets",
    "Supply Plan parameters": "     Planned  ",
    "UID": "W2pJVWDz8oR-hn6fx8ns806"
  },
  {
    "Product Code": "ATA003",
    "Product Description": "Atazanavir/Ritonavir 300/100 mg Tablet  30 Tablets",
    "Supply Plan parameters": "Adjustments",
    "UID": "W2pJVWDz8oR-h21Lrr0R67C"
  },
  {
    "Product Code": "ATA003",
    "Product Description": "Atazanavir/Ritonavir 300/100 mg Tablet  30 Tablets",
    "Supply Plan parameters": "Ending Balance",
    "UID": "W2pJVWDz8oR-XvONJ2jT3zu"
  },
  {
    "Product Code": "ATA003",
    "Product Description": "Atazanavir/Ritonavir 300/100 mg Tablet  30 Tablets",
    "Supply Plan parameters": "Months of Stock",
    "UID": "W2pJVWDz8oR-rOYLtHNXyxW"
  },
  {
    "Product Code": "ATA003",
    "Product Description": "Atazanavir/Ritonavir 300/100 mg Tablet  30 Tablets",
    "Supply Plan parameters": "AMC",
    "UID": "W2pJVWDz8oR-BCwpBiEZqYz"
  },
  {
    "Product Code": "DAR003",
    "Product Description": "Darunavir 600 mg Tablet  60 Tablets",
    "Supply Plan parameters": "Opening Balance",
    "UID": "ybbsLvGCZYN-gUvlgX4xtgq"
  },
  {
    "Product Code": "DAR003",
    "Product Description": "Darunavir 600 mg Tablet  60 Tablets",
    "Supply Plan parameters": "Forecast/Consumption",
    "UID": "ybbsLvGCZYN-zdAyvy0AJnB"
  },
  {
    "Product Code": "DAR003",
    "Product Description": "Darunavir 600 mg Tablet  60 Tablets",
    "Supply Plan parameters": "Shipments",
    "UID": "ybbsLvGCZYN-cvg3VlSg0J9"
  },
  {
    "Product Code": "DAR003",
    "Product Description": "Darunavir 600 mg Tablet  60 Tablets",
    "Supply Plan parameters": "     Received",
    "UID": "ybbsLvGCZYN-NRZAX8dQ2sS"
  },
  {
    "Product Code": "DAR003",
    "Product Description": "Darunavir 600 mg Tablet  60 Tablets",
    "Supply Plan parameters": "     Shipped/Arrived",
    "UID": "ybbsLvGCZYN-MChp1tJXS2n"
  },
  {
    "Product Code": "DAR003",
    "Product Description": "Darunavir 600 mg Tablet  60 Tablets",
    "Supply Plan parameters": "     Ordered",
    "UID": "ybbsLvGCZYN-oDDu2jaOVDv"
  },
  {
    "Product Code": "DAR003",
    "Product Description": "Darunavir 600 mg Tablet  60 Tablets",
    "Supply Plan parameters": "     Planned  ",
    "UID": "ybbsLvGCZYN-hn6fx8ns806"
  },
  {
    "Product Code": "DAR003",
    "Product Description": "Darunavir 600 mg Tablet  60 Tablets",
    "Supply Plan parameters": "Adjustments",
    "UID": "ybbsLvGCZYN-h21Lrr0R67C"
  },
  {
    "Product Code": "DAR003",
    "Product Description": "Darunavir 600 mg Tablet  60 Tablets",
    "Supply Plan parameters": "Ending Balance",
    "UID": "ybbsLvGCZYN-XvONJ2jT3zu"
  },
  {
    "Product Code": "DAR003",
    "Product Description": "Darunavir 600 mg Tablet  60 Tablets",
    "Supply Plan parameters": "Months of Stock",
    "UID": "ybbsLvGCZYN-rOYLtHNXyxW"
  },
  {
    "Product Code": "DAR003",
    "Product Description": "Darunavir 600 mg Tablet  60 Tablets",
    "Supply Plan parameters": "AMC",
    "UID": "ybbsLvGCZYN-BCwpBiEZqYz"
  },
  {
    "Product Code": "DOL001",
    "Product Description": "Dolutegravir 50 mg Tablet  30 Tablets",
    "Supply Plan parameters": "Opening Balance",
    "UID": "HBqBnkyqN4V-gUvlgX4xtgq"
  },
  {
    "Product Code": "DOL001",
    "Product Description": "Dolutegravir 50 mg Tablet  30 Tablets",
    "Supply Plan parameters": "Forecast/Consumption",
    "UID": "HBqBnkyqN4V-zdAyvy0AJnB"
  },
  {
    "Product Code": "DOL001",
    "Product Description": "Dolutegravir 50 mg Tablet  30 Tablets",
    "Supply Plan parameters": "Shipments",
    "UID": "HBqBnkyqN4V-cvg3VlSg0J9"
  },
  {
    "Product Code": "DOL001",
    "Product Description": "Dolutegravir 50 mg Tablet  30 Tablets",
    "Supply Plan parameters": "     Received",
    "UID": "HBqBnkyqN4V-NRZAX8dQ2sS"
  },
  {
    "Product Code": "DOL001",
    "Product Description": "Dolutegravir 50 mg Tablet  30 Tablets",
    "Supply Plan parameters": "     Shipped/Arrived",
    "UID": "HBqBnkyqN4V-MChp1tJXS2n"
  },
  {
    "Product Code": "DOL001",
    "Product Description": "Dolutegravir 50 mg Tablet  30 Tablets",
    "Supply Plan parameters": "     Ordered",
    "UID": "HBqBnkyqN4V-oDDu2jaOVDv"
  },
  {
    "Product Code": "DOL001",
    "Product Description": "Dolutegravir 50 mg Tablet  30 Tablets",
    "Supply Plan parameters": "     Planned  ",
    "UID": "HBqBnkyqN4V-hn6fx8ns806"
  },
  {
    "Product Code": "DOL001",
    "Product Description": "Dolutegravir 50 mg Tablet  30 Tablets",
    "Supply Plan parameters": "Adjustments",
    "UID": "HBqBnkyqN4V-h21Lrr0R67C"
  },
  {
    "Product Code": "DOL001",
    "Product Description": "Dolutegravir 50 mg Tablet  30 Tablets",
    "Supply Plan parameters": "Ending Balance",
    "UID": "HBqBnkyqN4V-XvONJ2jT3zu"
  },
  {
    "Product Code": "DOL001",
    "Product Description": "Dolutegravir 50 mg Tablet  30 Tablets",
    "Supply Plan parameters": "Months of Stock",
    "UID": "HBqBnkyqN4V-rOYLtHNXyxW"
  },
  {
    "Product Code": "DOL001",
    "Product Description": "Dolutegravir 50 mg Tablet  30 Tablets",
    "Supply Plan parameters": "AMC",
    "UID": "HBqBnkyqN4V-BCwpBiEZqYz"
  },
  {
    "Product Code": "TEN009",
    "Product Description": "Dolutegravir/Emitricitabine/Tenofovir AF 50/200/25 mg Tablet  30 Tablets",
    "Supply Plan parameters": "Opening Balance",
    "UID": "sNF091ANqx6-gUvlgX4xtgq"
  },
  {
    "Product Code": "TEN009",
    "Product Description": "Dolutegravir/Emitricitabine/Tenofovir AF 50/200/25 mg Tablet  30 Tablets",
    "Supply Plan parameters": "Forecast/Consumption",
    "UID": "sNF091ANqx6-zdAyvy0AJnB"
  },
  {
    "Product Code": "TEN009",
    "Product Description": "Dolutegravir/Emitricitabine/Tenofovir AF 50/200/25 mg Tablet  30 Tablets",
    "Supply Plan parameters": "Shipments",
    "UID": "sNF091ANqx6-cvg3VlSg0J9"
  },
  {
    "Product Code": "TEN009",
    "Product Description": "Dolutegravir/Emitricitabine/Tenofovir AF 50/200/25 mg Tablet  30 Tablets",
    "Supply Plan parameters": "     Received",
    "UID": "sNF091ANqx6-NRZAX8dQ2sS"
  },
  {
    "Product Code": "TEN009",
    "Product Description": "Dolutegravir/Emitricitabine/Tenofovir AF 50/200/25 mg Tablet  30 Tablets",
    "Supply Plan parameters": "     Shipped/Arrived",
    "UID": "sNF091ANqx6-MChp1tJXS2n"
  },
  {
    "Product Code": "TEN009",
    "Product Description": "Dolutegravir/Emitricitabine/Tenofovir AF 50/200/25 mg Tablet  30 Tablets",
    "Supply Plan parameters": "     Ordered",
    "UID": "sNF091ANqx6-oDDu2jaOVDv"
  },
  {
    "Product Code": "TEN009",
    "Product Description": "Dolutegravir/Emitricitabine/Tenofovir AF 50/200/25 mg Tablet  30 Tablets",
    "Supply Plan parameters": "     Planned  ",
    "UID": "sNF091ANqx6-hn6fx8ns806"
  },
  {
    "Product Code": "TEN009",
    "Product Description": "Dolutegravir/Emitricitabine/Tenofovir AF 50/200/25 mg Tablet  30 Tablets",
    "Supply Plan parameters": "Adjustments",
    "UID": "sNF091ANqx6-h21Lrr0R67C"
  },
  {
    "Product Code": "TEN009",
    "Product Description": "Dolutegravir/Emitricitabine/Tenofovir AF 50/200/25 mg Tablet  30 Tablets",
    "Supply Plan parameters": "Ending Balance",
    "UID": "sNF091ANqx6-XvONJ2jT3zu"
  },
  {
    "Product Code": "TEN009",
    "Product Description": "Dolutegravir/Emitricitabine/Tenofovir AF 50/200/25 mg Tablet  30 Tablets",
    "Supply Plan parameters": "Months of Stock",
    "UID": "sNF091ANqx6-rOYLtHNXyxW"
  },
  {
    "Product Code": "TEN009",
    "Product Description": "Dolutegravir/Emitricitabine/Tenofovir AF 50/200/25 mg Tablet  30 Tablets",
    "Supply Plan parameters": "AMC",
    "UID": "sNF091ANqx6-BCwpBiEZqYz"
  },
  {
    "Product Code": "DOL002",
    "Product Description": "Dolutegravir/Lamivudine/Tenofovir DF 50/300/300 mg Tablet  30 Tablets",
    "Supply Plan parameters": "Opening Balance",
    "UID": "IlE2q27CTb4-gUvlgX4xtgq"
  },
  {
    "Product Code": "DOL002",
    "Product Description": "Dolutegravir/Lamivudine/Tenofovir DF 50/300/300 mg Tablet  30 Tablets",
    "Supply Plan parameters": "Forecast/Consumption",
    "UID": "IlE2q27CTb4-zdAyvy0AJnB"
  },
  {
    "Product Code": "DOL002",
    "Product Description": "Dolutegravir/Lamivudine/Tenofovir DF 50/300/300 mg Tablet  30 Tablets",
    "Supply Plan parameters": "Shipments",
    "UID": "IlE2q27CTb4-cvg3VlSg0J9"
  },
  {
    "Product Code": "DOL002",
    "Product Description": "Dolutegravir/Lamivudine/Tenofovir DF 50/300/300 mg Tablet  30 Tablets",
    "Supply Plan parameters": "     Received",
    "UID": "IlE2q27CTb4-NRZAX8dQ2sS"
  },
  {
    "Product Code": "DOL002",
    "Product Description": "Dolutegravir/Lamivudine/Tenofovir DF 50/300/300 mg Tablet  30 Tablets",
    "Supply Plan parameters": "     Shipped/Arrived",
    "UID": "IlE2q27CTb4-MChp1tJXS2n"
  },
  {
    "Product Code": "DOL002",
    "Product Description": "Dolutegravir/Lamivudine/Tenofovir DF 50/300/300 mg Tablet  30 Tablets",
    "Supply Plan parameters": "     Ordered",
    "UID": "IlE2q27CTb4-oDDu2jaOVDv"
  },
  {
    "Product Code": "DOL002",
    "Product Description": "Dolutegravir/Lamivudine/Tenofovir DF 50/300/300 mg Tablet  30 Tablets",
    "Supply Plan parameters": "     Planned  ",
    "UID": "IlE2q27CTb4-hn6fx8ns806"
  },
  {
    "Product Code": "DOL002",
    "Product Description": "Dolutegravir/Lamivudine/Tenofovir DF 50/300/300 mg Tablet  30 Tablets",
    "Supply Plan parameters": "Adjustments",
    "UID": "IlE2q27CTb4-h21Lrr0R67C"
  },
  {
    "Product Code": "DOL002",
    "Product Description": "Dolutegravir/Lamivudine/Tenofovir DF 50/300/300 mg Tablet  30 Tablets",
    "Supply Plan parameters": "Ending Balance",
    "UID": "IlE2q27CTb4-XvONJ2jT3zu"
  },
  {
    "Product Code": "DOL002",
    "Product Description": "Dolutegravir/Lamivudine/Tenofovir DF 50/300/300 mg Tablet  30 Tablets",
    "Supply Plan parameters": "Months of Stock",
    "UID": "IlE2q27CTb4-rOYLtHNXyxW"
  },
  {
    "Product Code": "DOL002",
    "Product Description": "Dolutegravir/Lamivudine/Tenofovir DF 50/300/300 mg Tablet  30 Tablets",
    "Supply Plan parameters": "AMC",
    "UID": "IlE2q27CTb4-BCwpBiEZqYz"
  },
  {
    "Product Code": "TEN004",
    "Product Description": "Emtricitabine/Tenofovir DF 200/300 mg Tablet  30 Tablets",
    "Supply Plan parameters": "Opening Balance",
    "UID": "a20CFgSnESJ-gUvlgX4xtgq"
  },
  {
    "Product Code": "TEN004",
    "Product Description": "Emtricitabine/Tenofovir DF 200/300 mg Tablet  30 Tablets",
    "Supply Plan parameters": "Forecast/Consumption",
    "UID": "a20CFgSnESJ-zdAyvy0AJnB"
  },
  {
    "Product Code": "TEN004",
    "Product Description": "Emtricitabine/Tenofovir DF 200/300 mg Tablet  30 Tablets",
    "Supply Plan parameters": "Shipments",
    "UID": "a20CFgSnESJ-cvg3VlSg0J9"
  },
  {
    "Product Code": "TEN004",
    "Product Description": "Emtricitabine/Tenofovir DF 200/300 mg Tablet  30 Tablets",
    "Supply Plan parameters": "     Received",
    "UID": "a20CFgSnESJ-NRZAX8dQ2sS"
  },
  {
    "Product Code": "TEN004",
    "Product Description": "Emtricitabine/Tenofovir DF 200/300 mg Tablet  30 Tablets",
    "Supply Plan parameters": "     Shipped/Arrived",
    "UID": "a20CFgSnESJ-MChp1tJXS2n"
  },
  {
    "Product Code": "TEN004",
    "Product Description": "Emtricitabine/Tenofovir DF 200/300 mg Tablet  30 Tablets",
    "Supply Plan parameters": "     Ordered",
    "UID": "a20CFgSnESJ-oDDu2jaOVDv"
  },
  {
    "Product Code": "TEN004",
    "Product Description": "Emtricitabine/Tenofovir DF 200/300 mg Tablet  30 Tablets",
    "Supply Plan parameters": "     Planned  ",
    "UID": "a20CFgSnESJ-hn6fx8ns806"
  },
  {
    "Product Code": "TEN004",
    "Product Description": "Emtricitabine/Tenofovir DF 200/300 mg Tablet  30 Tablets",
    "Supply Plan parameters": "Adjustments",
    "UID": "a20CFgSnESJ-h21Lrr0R67C"
  },
  {
    "Product Code": "TEN004",
    "Product Description": "Emtricitabine/Tenofovir DF 200/300 mg Tablet  30 Tablets",
    "Supply Plan parameters": "Ending Balance",
    "UID": "a20CFgSnESJ-XvONJ2jT3zu"
  },
  {
    "Product Code": "TEN004",
    "Product Description": "Emtricitabine/Tenofovir DF 200/300 mg Tablet  30 Tablets",
    "Supply Plan parameters": "Months of Stock",
    "UID": "a20CFgSnESJ-rOYLtHNXyxW"
  },
  {
    "Product Code": "TEN004",
    "Product Description": "Emtricitabine/Tenofovir DF 200/300 mg Tablet  30 Tablets",
    "Supply Plan parameters": "AMC",
    "UID": "a20CFgSnESJ-BCwpBiEZqYz"
  },
  {
    "Product Code": "KIT006",
    "Product Description": "HIV-1/2  Determine  100 Tests",
    "Supply Plan parameters": "Opening Balance",
    "UID": "uNPh5O9i2kF-gUvlgX4xtgq"
  },
  {
    "Product Code": "KIT006",
    "Product Description": "HIV-1/2  Determine  100 Tests",
    "Supply Plan parameters": "Forecast/Consumption",
    "UID": "uNPh5O9i2kF-zdAyvy0AJnB"
  },
  {
    "Product Code": "KIT006",
    "Product Description": "HIV-1/2  Determine  100 Tests",
    "Supply Plan parameters": "Shipments",
    "UID": "uNPh5O9i2kF-cvg3VlSg0J9"
  },
  {
    "Product Code": "KIT006",
    "Product Description": "HIV-1/2  Determine  100 Tests",
    "Supply Plan parameters": "     Received",
    "UID": "uNPh5O9i2kF-NRZAX8dQ2sS"
  },
  {
    "Product Code": "KIT006",
    "Product Description": "HIV-1/2  Determine  100 Tests",
    "Supply Plan parameters": "     Shipped/Arrived",
    "UID": "uNPh5O9i2kF-MChp1tJXS2n"
  },
  {
    "Product Code": "KIT006",
    "Product Description": "HIV-1/2  Determine  100 Tests",
    "Supply Plan parameters": "     Ordered",
    "UID": "uNPh5O9i2kF-oDDu2jaOVDv"
  },
  {
    "Product Code": "KIT006",
    "Product Description": "HIV-1/2  Determine  100 Tests",
    "Supply Plan parameters": "     Planned  ",
    "UID": "uNPh5O9i2kF-hn6fx8ns806"
  },
  {
    "Product Code": "KIT006",
    "Product Description": "HIV-1/2  Determine  100 Tests",
    "Supply Plan parameters": "Adjustments",
    "UID": "uNPh5O9i2kF-h21Lrr0R67C"
  },
  {
    "Product Code": "KIT006",
    "Product Description": "HIV-1/2  Determine  100 Tests",
    "Supply Plan parameters": "Ending Balance",
    "UID": "uNPh5O9i2kF-XvONJ2jT3zu"
  },
  {
    "Product Code": "KIT006",
    "Product Description": "HIV-1/2  Determine  100 Tests",
    "Supply Plan parameters": "Months of Stock",
    "UID": "uNPh5O9i2kF-rOYLtHNXyxW"
  },
  {
    "Product Code": "KIT006",
    "Product Description": "HIV-1/2  Determine  100 Tests",
    "Supply Plan parameters": "AMC",
    "UID": "uNPh5O9i2kF-BCwpBiEZqYz"
  },
  {
    "Product Code": "RAP003",
    "Product Description": "HIV-1/2  Uni-Gold  20 Tests",
    "Supply Plan parameters": "Opening Balance",
    "UID": "IFQ4CVh9wuC-gUvlgX4xtgq"
  },
  {
    "Product Code": "RAP003",
    "Product Description": "HIV-1/2  Uni-Gold  20 Tests",
    "Supply Plan parameters": "Forecast/Consumption",
    "UID": "IFQ4CVh9wuC-zdAyvy0AJnB"
  },
  {
    "Product Code": "RAP003",
    "Product Description": "HIV-1/2  Uni-Gold  20 Tests",
    "Supply Plan parameters": "Shipments",
    "UID": "IFQ4CVh9wuC-cvg3VlSg0J9"
  },
  {
    "Product Code": "RAP003",
    "Product Description": "HIV-1/2  Uni-Gold  20 Tests",
    "Supply Plan parameters": "     Received",
    "UID": "IFQ4CVh9wuC-NRZAX8dQ2sS"
  },
  {
    "Product Code": "RAP003",
    "Product Description": "HIV-1/2  Uni-Gold  20 Tests",
    "Supply Plan parameters": "     Shipped/Arrived",
    "UID": "IFQ4CVh9wuC-MChp1tJXS2n"
  },
  {
    "Product Code": "RAP003",
    "Product Description": "HIV-1/2  Uni-Gold  20 Tests",
    "Supply Plan parameters": "     Ordered",
    "UID": "IFQ4CVh9wuC-oDDu2jaOVDv"
  },
  {
    "Product Code": "RAP003",
    "Product Description": "HIV-1/2  Uni-Gold  20 Tests",
    "Supply Plan parameters": "     Planned  ",
    "UID": "IFQ4CVh9wuC-hn6fx8ns806"
  },
  {
    "Product Code": "RAP003",
    "Product Description": "HIV-1/2  Uni-Gold  20 Tests",
    "Supply Plan parameters": "Adjustments",
    "UID": "IFQ4CVh9wuC-h21Lrr0R67C"
  },
  {
    "Product Code": "RAP003",
    "Product Description": "HIV-1/2  Uni-Gold  20 Tests",
    "Supply Plan parameters": "Ending Balance",
    "UID": "IFQ4CVh9wuC-XvONJ2jT3zu"
  },
  {
    "Product Code": "RAP003",
    "Product Description": "HIV-1/2  Uni-Gold  20 Tests",
    "Supply Plan parameters": "Months of Stock",
    "UID": "IFQ4CVh9wuC-rOYLtHNXyxW"
  },
  {
    "Product Code": "RAP003",
    "Product Description": "HIV-1/2  Uni-Gold  20 Tests",
    "Supply Plan parameters": "AMC",
    "UID": "IFQ4CVh9wuC-BCwpBiEZqYz"
  },
  {
    "Product Code": "LAM003",
    "Product Description": "Lamivudine 150 mg Tablet  60 Tablets",
    "Supply Plan parameters": "Opening Balance",
    "UID": "cbyla2sWKtP-gUvlgX4xtgq"
  },
  {
    "Product Code": "LAM003",
    "Product Description": "Lamivudine 150 mg Tablet  60 Tablets",
    "Supply Plan parameters": "Forecast/Consumption",
    "UID": "cbyla2sWKtP-zdAyvy0AJnB"
  },
  {
    "Product Code": "LAM003",
    "Product Description": "Lamivudine 150 mg Tablet  60 Tablets",
    "Supply Plan parameters": "Shipments",
    "UID": "cbyla2sWKtP-cvg3VlSg0J9"
  },
  {
    "Product Code": "LAM003",
    "Product Description": "Lamivudine 150 mg Tablet  60 Tablets",
    "Supply Plan parameters": "     Received",
    "UID": "cbyla2sWKtP-NRZAX8dQ2sS"
  },
  {
    "Product Code": "LAM003",
    "Product Description": "Lamivudine 150 mg Tablet  60 Tablets",
    "Supply Plan parameters": "     Shipped/Arrived",
    "UID": "cbyla2sWKtP-MChp1tJXS2n"
  },
  {
    "Product Code": "LAM003",
    "Product Description": "Lamivudine 150 mg Tablet  60 Tablets",
    "Supply Plan parameters": "     Ordered",
    "UID": "cbyla2sWKtP-oDDu2jaOVDv"
  },
  {
    "Product Code": "LAM003",
    "Product Description": "Lamivudine 150 mg Tablet  60 Tablets",
    "Supply Plan parameters": "     Planned  ",
    "UID": "cbyla2sWKtP-hn6fx8ns806"
  },
  {
    "Product Code": "LAM003",
    "Product Description": "Lamivudine 150 mg Tablet  60 Tablets",
    "Supply Plan parameters": "Adjustments",
    "UID": "cbyla2sWKtP-h21Lrr0R67C"
  },
  {
    "Product Code": "LAM003",
    "Product Description": "Lamivudine 150 mg Tablet  60 Tablets",
    "Supply Plan parameters": "Ending Balance",
    "UID": "cbyla2sWKtP-XvONJ2jT3zu"
  },
  {
    "Product Code": "LAM003",
    "Product Description": "Lamivudine 150 mg Tablet  60 Tablets",
    "Supply Plan parameters": "Months of Stock",
    "UID": "cbyla2sWKtP-rOYLtHNXyxW"
  },
  {
    "Product Code": "LAM003",
    "Product Description": "Lamivudine 150 mg Tablet  60 Tablets",
    "Supply Plan parameters": "AMC",
    "UID": "cbyla2sWKtP-BCwpBiEZqYz"
  },
  {
    "Product Code": "ZID005",
    "Product Description": "Lamivudine/Zidovudine 150/300 mg Tablet  60 Tablets",
    "Supply Plan parameters": "Opening Balance",
    "UID": "r6xAd9NtIUt-gUvlgX4xtgq"
  },
  {
    "Product Code": "ZID005",
    "Product Description": "Lamivudine/Zidovudine 150/300 mg Tablet  60 Tablets",
    "Supply Plan parameters": "Forecast/Consumption",
    "UID": "r6xAd9NtIUt-zdAyvy0AJnB"
  },
  {
    "Product Code": "ZID005",
    "Product Description": "Lamivudine/Zidovudine 150/300 mg Tablet  60 Tablets",
    "Supply Plan parameters": "Shipments",
    "UID": "r6xAd9NtIUt-cvg3VlSg0J9"
  },
  {
    "Product Code": "ZID005",
    "Product Description": "Lamivudine/Zidovudine 150/300 mg Tablet  60 Tablets",
    "Supply Plan parameters": "     Received",
    "UID": "r6xAd9NtIUt-NRZAX8dQ2sS"
  },
  {
    "Product Code": "ZID005",
    "Product Description": "Lamivudine/Zidovudine 150/300 mg Tablet  60 Tablets",
    "Supply Plan parameters": "     Shipped/Arrived",
    "UID": "r6xAd9NtIUt-MChp1tJXS2n"
  },
  {
    "Product Code": "ZID005",
    "Product Description": "Lamivudine/Zidovudine 150/300 mg Tablet  60 Tablets",
    "Supply Plan parameters": "     Ordered",
    "UID": "r6xAd9NtIUt-oDDu2jaOVDv"
  },
  {
    "Product Code": "ZID005",
    "Product Description": "Lamivudine/Zidovudine 150/300 mg Tablet  60 Tablets",
    "Supply Plan parameters": "     Planned  ",
    "UID": "r6xAd9NtIUt-hn6fx8ns806"
  },
  {
    "Product Code": "ZID005",
    "Product Description": "Lamivudine/Zidovudine 150/300 mg Tablet  60 Tablets",
    "Supply Plan parameters": "Adjustments",
    "UID": "r6xAd9NtIUt-h21Lrr0R67C"
  },
  {
    "Product Code": "ZID005",
    "Product Description": "Lamivudine/Zidovudine 150/300 mg Tablet  60 Tablets",
    "Supply Plan parameters": "Ending Balance",
    "UID": "r6xAd9NtIUt-XvONJ2jT3zu"
  },
  {
    "Product Code": "ZID005",
    "Product Description": "Lamivudine/Zidovudine 150/300 mg Tablet  60 Tablets",
    "Supply Plan parameters": "Months of Stock",
    "UID": "r6xAd9NtIUt-rOYLtHNXyxW"
  },
  {
    "Product Code": "ZID005",
    "Product Description": "Lamivudine/Zidovudine 150/300 mg Tablet  60 Tablets",
    "Supply Plan parameters": "AMC",
    "UID": "r6xAd9NtIUt-BCwpBiEZqYz"
  },
  {
    "Product Code": "LOP005",
    "Product Description": "Lopinavir/Ritonavir 100/25 mg Tablet  60 Tablets",
    "Supply Plan parameters": "Opening Balance",
    "UID": "BQ65NIjGZ9E-gUvlgX4xtgq"
  },
  {
    "Product Code": "LOP005",
    "Product Description": "Lopinavir/Ritonavir 100/25 mg Tablet  60 Tablets",
    "Supply Plan parameters": "Forecast/Consumption",
    "UID": "BQ65NIjGZ9E-zdAyvy0AJnB"
  },
  {
    "Product Code": "LOP005",
    "Product Description": "Lopinavir/Ritonavir 100/25 mg Tablet  60 Tablets",
    "Supply Plan parameters": "Shipments",
    "UID": "BQ65NIjGZ9E-cvg3VlSg0J9"
  },
  {
    "Product Code": "LOP005",
    "Product Description": "Lopinavir/Ritonavir 100/25 mg Tablet  60 Tablets",
    "Supply Plan parameters": "     Received",
    "UID": "BQ65NIjGZ9E-NRZAX8dQ2sS"
  },
  {
    "Product Code": "LOP005",
    "Product Description": "Lopinavir/Ritonavir 100/25 mg Tablet  60 Tablets",
    "Supply Plan parameters": "     Shipped/Arrived",
    "UID": "BQ65NIjGZ9E-MChp1tJXS2n"
  },
  {
    "Product Code": "LOP005",
    "Product Description": "Lopinavir/Ritonavir 100/25 mg Tablet  60 Tablets",
    "Supply Plan parameters": "     Ordered",
    "UID": "BQ65NIjGZ9E-oDDu2jaOVDv"
  },
  {
    "Product Code": "LOP005",
    "Product Description": "Lopinavir/Ritonavir 100/25 mg Tablet  60 Tablets",
    "Supply Plan parameters": "     Planned  ",
    "UID": "BQ65NIjGZ9E-hn6fx8ns806"
  },
  {
    "Product Code": "LOP005",
    "Product Description": "Lopinavir/Ritonavir 100/25 mg Tablet  60 Tablets",
    "Supply Plan parameters": "Adjustments",
    "UID": "BQ65NIjGZ9E-h21Lrr0R67C"
  },
  {
    "Product Code": "LOP005",
    "Product Description": "Lopinavir/Ritonavir 100/25 mg Tablet  60 Tablets",
    "Supply Plan parameters": "Ending Balance",
    "UID": "BQ65NIjGZ9E-XvONJ2jT3zu"
  },
  {
    "Product Code": "LOP005",
    "Product Description": "Lopinavir/Ritonavir 100/25 mg Tablet  60 Tablets",
    "Supply Plan parameters": "Months of Stock",
    "UID": "BQ65NIjGZ9E-rOYLtHNXyxW"
  },
  {
    "Product Code": "LOP005",
    "Product Description": "Lopinavir/Ritonavir 100/25 mg Tablet  60 Tablets",
    "Supply Plan parameters": "AMC",
    "UID": "BQ65NIjGZ9E-BCwpBiEZqYz"
  },
  {
    "Product Code": "LOP006",
    "Product Description": "Lopinavir/Ritonavir 40/10 mg Granule  120 Sachets",
    "Supply Plan parameters": "Opening Balance",
    "UID": "xOVsALlCeiJ-gUvlgX4xtgq"
  },
  {
    "Product Code": "LOP006",
    "Product Description": "Lopinavir/Ritonavir 40/10 mg Granule  120 Sachets",
    "Supply Plan parameters": "Forecast/Consumption",
    "UID": "xOVsALlCeiJ-zdAyvy0AJnB"
  },
  {
    "Product Code": "LOP006",
    "Product Description": "Lopinavir/Ritonavir 40/10 mg Granule  120 Sachets",
    "Supply Plan parameters": "Shipments",
    "UID": "xOVsALlCeiJ-cvg3VlSg0J9"
  },
  {
    "Product Code": "LOP006",
    "Product Description": "Lopinavir/Ritonavir 40/10 mg Granule  120 Sachets",
    "Supply Plan parameters": "     Received",
    "UID": "xOVsALlCeiJ-NRZAX8dQ2sS"
  },
  {
    "Product Code": "LOP006",
    "Product Description": "Lopinavir/Ritonavir 40/10 mg Granule  120 Sachets",
    "Supply Plan parameters": "     Shipped/Arrived",
    "UID": "xOVsALlCeiJ-MChp1tJXS2n"
  },
  {
    "Product Code": "LOP006",
    "Product Description": "Lopinavir/Ritonavir 40/10 mg Granule  120 Sachets",
    "Supply Plan parameters": "     Ordered",
    "UID": "xOVsALlCeiJ-oDDu2jaOVDv"
  },
  {
    "Product Code": "LOP006",
    "Product Description": "Lopinavir/Ritonavir 40/10 mg Granule  120 Sachets",
    "Supply Plan parameters": "     Planned  ",
    "UID": "xOVsALlCeiJ-hn6fx8ns806"
  },
  {
    "Product Code": "LOP006",
    "Product Description": "Lopinavir/Ritonavir 40/10 mg Granule  120 Sachets",
    "Supply Plan parameters": "Adjustments",
    "UID": "xOVsALlCeiJ-h21Lrr0R67C"
  },
  {
    "Product Code": "LOP006",
    "Product Description": "Lopinavir/Ritonavir 40/10 mg Granule  120 Sachets",
    "Supply Plan parameters": "Ending Balance",
    "UID": "xOVsALlCeiJ-XvONJ2jT3zu"
  },
  {
    "Product Code": "LOP006",
    "Product Description": "Lopinavir/Ritonavir 40/10 mg Granule  120 Sachets",
    "Supply Plan parameters": "Months of Stock",
    "UID": "xOVsALlCeiJ-rOYLtHNXyxW"
  },
  {
    "Product Code": "LOP006",
    "Product Description": "Lopinavir/Ritonavir 40/10 mg Granule  120 Sachets",
    "Supply Plan parameters": "AMC",
    "UID": "xOVsALlCeiJ-BCwpBiEZqYz"
  },
  {
    "Product Code": "NEV002",
    "Product Description": "Nevirapine 10 mg/mL Suspension  240 mL",
    "Supply Plan parameters": "Opening Balance",
    "UID": "SCxLpWKRm77-gUvlgX4xtgq"
  },
  {
    "Product Code": "NEV002",
    "Product Description": "Nevirapine 10 mg/mL Suspension  240 mL",
    "Supply Plan parameters": "Forecast/Consumption",
    "UID": "SCxLpWKRm77-zdAyvy0AJnB"
  },
  {
    "Product Code": "NEV002",
    "Product Description": "Nevirapine 10 mg/mL Suspension  240 mL",
    "Supply Plan parameters": "Shipments",
    "UID": "SCxLpWKRm77-cvg3VlSg0J9"
  },
  {
    "Product Code": "NEV002",
    "Product Description": "Nevirapine 10 mg/mL Suspension  240 mL",
    "Supply Plan parameters": "     Received",
    "UID": "SCxLpWKRm77-NRZAX8dQ2sS"
  },
  {
    "Product Code": "NEV002",
    "Product Description": "Nevirapine 10 mg/mL Suspension  240 mL",
    "Supply Plan parameters": "     Shipped/Arrived",
    "UID": "SCxLpWKRm77-MChp1tJXS2n"
  },
  {
    "Product Code": "NEV002",
    "Product Description": "Nevirapine 10 mg/mL Suspension  240 mL",
    "Supply Plan parameters": "     Ordered",
    "UID": "SCxLpWKRm77-oDDu2jaOVDv"
  },
  {
    "Product Code": "NEV002",
    "Product Description": "Nevirapine 10 mg/mL Suspension  240 mL",
    "Supply Plan parameters": "     Planned  ",
    "UID": "SCxLpWKRm77-hn6fx8ns806"
  },
  {
    "Product Code": "NEV002",
    "Product Description": "Nevirapine 10 mg/mL Suspension  240 mL",
    "Supply Plan parameters": "Adjustments",
    "UID": "SCxLpWKRm77-h21Lrr0R67C"
  },
  {
    "Product Code": "NEV002",
    "Product Description": "Nevirapine 10 mg/mL Suspension  240 mL",
    "Supply Plan parameters": "Ending Balance",
    "UID": "SCxLpWKRm77-XvONJ2jT3zu"
  },
  {
    "Product Code": "NEV002",
    "Product Description": "Nevirapine 10 mg/mL Suspension  240 mL",
    "Supply Plan parameters": "Months of Stock",
    "UID": "SCxLpWKRm77-rOYLtHNXyxW"
  },
  {
    "Product Code": "NEV002",
    "Product Description": "Nevirapine 10 mg/mL Suspension  240 mL",
    "Supply Plan parameters": "AMC",
    "UID": "SCxLpWKRm77-BCwpBiEZqYz"
  },
  {
    "Product Code": "RIT001",
    "Product Description": "Ritonavir 100 mg Tablet  60 Tablets",
    "Supply Plan parameters": "Opening Balance",
    "UID": "aqD5GMBmvdQ-gUvlgX4xtgq"
  },
  {
    "Product Code": "RIT001",
    "Product Description": "Ritonavir 100 mg Tablet  60 Tablets",
    "Supply Plan parameters": "Forecast/Consumption",
    "UID": "aqD5GMBmvdQ-zdAyvy0AJnB"
  },
  {
    "Product Code": "RIT001",
    "Product Description": "Ritonavir 100 mg Tablet  60 Tablets",
    "Supply Plan parameters": "Shipments",
    "UID": "aqD5GMBmvdQ-cvg3VlSg0J9"
  },
  {
    "Product Code": "RIT001",
    "Product Description": "Ritonavir 100 mg Tablet  60 Tablets",
    "Supply Plan parameters": "     Received",
    "UID": "aqD5GMBmvdQ-NRZAX8dQ2sS"
  },
  {
    "Product Code": "RIT001",
    "Product Description": "Ritonavir 100 mg Tablet  60 Tablets",
    "Supply Plan parameters": "     Shipped/Arrived",
    "UID": "aqD5GMBmvdQ-MChp1tJXS2n"
  },
  {
    "Product Code": "RIT001",
    "Product Description": "Ritonavir 100 mg Tablet  60 Tablets",
    "Supply Plan parameters": "     Ordered",
    "UID": "aqD5GMBmvdQ-oDDu2jaOVDv"
  },
  {
    "Product Code": "RIT001",
    "Product Description": "Ritonavir 100 mg Tablet  60 Tablets",
    "Supply Plan parameters": "     Planned  ",
    "UID": "aqD5GMBmvdQ-hn6fx8ns806"
  },
  {
    "Product Code": "RIT001",
    "Product Description": "Ritonavir 100 mg Tablet  60 Tablets",
    "Supply Plan parameters": "Adjustments",
    "UID": "aqD5GMBmvdQ-h21Lrr0R67C"
  },
  {
    "Product Code": "RIT001",
    "Product Description": "Ritonavir 100 mg Tablet  60 Tablets",
    "Supply Plan parameters": "Ending Balance",
    "UID": "aqD5GMBmvdQ-XvONJ2jT3zu"
  },
  {
    "Product Code": "RIT001",
    "Product Description": "Ritonavir 100 mg Tablet  60 Tablets",
    "Supply Plan parameters": "Months of Stock",
    "UID": "aqD5GMBmvdQ-rOYLtHNXyxW"
  },
  {
    "Product Code": "RIT001",
    "Product Description": "Ritonavir 100 mg Tablet  60 Tablets",
    "Supply Plan parameters": "AMC",
    "UID": "aqD5GMBmvdQ-BCwpBiEZqYz"
  },
  {
    "Product Code": "ZID001",
    "Product Description": "Zidovudine 10 mg/mL Solution  240 mL",
    "Supply Plan parameters": "Opening Balance",
    "UID": "q6pD83YP434-gUvlgX4xtgq"
  },
  {
    "Product Code": "ZID001",
    "Product Description": "Zidovudine 10 mg/mL Solution  240 mL",
    "Supply Plan parameters": "Forecast/Consumption",
    "UID": "q6pD83YP434-zdAyvy0AJnB"
  },
  {
    "Product Code": "ZID001",
    "Product Description": "Zidovudine 10 mg/mL Solution  240 mL",
    "Supply Plan parameters": "Shipments",
    "UID": "q6pD83YP434-cvg3VlSg0J9"
  },
  {
    "Product Code": "ZID001",
    "Product Description": "Zidovudine 10 mg/mL Solution  240 mL",
    "Supply Plan parameters": "     Received",
    "UID": "q6pD83YP434-NRZAX8dQ2sS"
  },
  {
    "Product Code": "ZID001",
    "Product Description": "Zidovudine 10 mg/mL Solution  240 mL",
    "Supply Plan parameters": "     Shipped/Arrived",
    "UID": "q6pD83YP434-MChp1tJXS2n"
  },
  {
    "Product Code": "ZID001",
    "Product Description": "Zidovudine 10 mg/mL Solution  240 mL",
    "Supply Plan parameters": "     Ordered",
    "UID": "q6pD83YP434-oDDu2jaOVDv"
  },
  {
    "Product Code": "ZID001",
    "Product Description": "Zidovudine 10 mg/mL Solution  240 mL",
    "Supply Plan parameters": "     Planned  ",
    "UID": "q6pD83YP434-hn6fx8ns806"
  },
  {
    "Product Code": "ZID001",
    "Product Description": "Zidovudine 10 mg/mL Solution  240 mL",
    "Supply Plan parameters": "Adjustments",
    "UID": "q6pD83YP434-h21Lrr0R67C"
  },
  {
    "Product Code": "ZID001",
    "Product Description": "Zidovudine 10 mg/mL Solution  240 mL",
    "Supply Plan parameters": "Ending Balance",
    "UID": "q6pD83YP434-XvONJ2jT3zu"
  },
  {
    "Product Code": "ZID001",
    "Product Description": "Zidovudine 10 mg/mL Solution  240 mL",
    "Supply Plan parameters": "Months of Stock",
    "UID": "q6pD83YP434-rOYLtHNXyxW"
  },
  {
    "Product Code": "ZID001",
    "Product Description": "Zidovudine 10 mg/mL Solution  240 mL",
    "Supply Plan parameters": "AMC",
    "UID": "q6pD83YP434-BCwpBiEZqYz"
  },
  {
    "Product Code": "ZID006",
    "Product Description": "Zidovudine 300 mg Tablet  60 Tablets",
    "Supply Plan parameters": "Opening Balance",
    "UID": "nKhjV5jsXc4-gUvlgX4xtgq"
  },
  {
    "Product Code": "ZID006",
    "Product Description": "Zidovudine 300 mg Tablet  60 Tablets",
    "Supply Plan parameters": "Forecast/Consumption",
    "UID": "nKhjV5jsXc4-zdAyvy0AJnB"
  },
  {
    "Product Code": "ZID006",
    "Product Description": "Zidovudine 300 mg Tablet  60 Tablets",
    "Supply Plan parameters": "Shipments",
    "UID": "nKhjV5jsXc4-cvg3VlSg0J9"
  },
  {
    "Product Code": "ZID006",
    "Product Description": "Zidovudine 300 mg Tablet  60 Tablets",
    "Supply Plan parameters": "     Received",
    "UID": "nKhjV5jsXc4-NRZAX8dQ2sS"
  },
  {
    "Product Code": "ZID006",
    "Product Description": "Zidovudine 300 mg Tablet  60 Tablets",
    "Supply Plan parameters": "     Shipped/Arrived",
    "UID": "nKhjV5jsXc4-MChp1tJXS2n"
  },
  {
    "Product Code": "ZID006",
    "Product Description": "Zidovudine 300 mg Tablet  60 Tablets",
    "Supply Plan parameters": "     Ordered",
    "UID": "nKhjV5jsXc4-oDDu2jaOVDv"
  },
  {
    "Product Code": "ZID006",
    "Product Description": "Zidovudine 300 mg Tablet  60 Tablets",
    "Supply Plan parameters": "     Planned  ",
    "UID": "nKhjV5jsXc4-hn6fx8ns806"
  },
  {
    "Product Code": "ZID006",
    "Product Description": "Zidovudine 300 mg Tablet  60 Tablets",
    "Supply Plan parameters": "Adjustments",
    "UID": "nKhjV5jsXc4-h21Lrr0R67C"
  },
  {
    "Product Code": "ZID006",
    "Product Description": "Zidovudine 300 mg Tablet  60 Tablets",
    "Supply Plan parameters": "Ending Balance",
    "UID": "nKhjV5jsXc4-XvONJ2jT3zu"
  },
  {
    "Product Code": "ZID006",
    "Product Description": "Zidovudine 300 mg Tablet  60 Tablets",
    "Supply Plan parameters": "Months of Stock",
    "UID": "nKhjV5jsXc4-rOYLtHNXyxW"
  },
  {
    "Product Code": "ZID006",
    "Product Description": "Zidovudine 300 mg Tablet  60 Tablets",
    "Supply Plan parameters": "AMC",
    "UID": "nKhjV5jsXc4-BCwpBiEZqYz"
  }
]